X1,X2,X3,X4,X5,X6,X7,X8,X9,X10,X11,X12,X13,X14,X15
,,,,,,,,,,,,,,
Event,Layout,Hole #,Length,CiRDS,Avg,Hole Par,Avg to Par,uP %,Par %,oP %,Times Played,# uPar,# Pars,# oPar
Discraft Ledgestone Open,Northwood Black,12,1050,339.0,6.27,5,1.27,1.03,24.05,74.91,291,3,70,218
Dynamic Discs Open,Supreme 18 - 2022 MPO,16,827,397.0,4.88,4,0.88,5.80,38.39,55.80,224,13,86,125
Discraft Ledgestone Open,Northwood Black,14,893,286.7,5.84,5,0.84,5.15,36.08,58.76,291,15,105,171
Waco Annual Charity Open,Championship Layout MPO,15,558,525.0,3.83,3,0.83,1.12,46.78,52.10,357,4,167,186
Waco Annual Charity Open,Championship Layout MPO,18,468,435.0,3.81,3,0.81,7.28,39.22,53.50,357,26,140,191
Dynamic Discs Open,Supreme 18 - 2022 MPO,10,833,400.0,4.74,4,0.74,2.22,49.78,48.00,225,5,112,108
Discraft Ledgestone Open,Eureka Temp,6,885,426.0,4.73,4,0.73,8.13,48.80,43.06,209,17,102,90
Dynamic Discs Open,ECC - 2022 MPO,9,719,343.0,4.69,4,0.69,5.16,38.71,56.13,155,8,60,87
Texas State Disc Golf Championship,Thorn Long,4,880,423.5,4.67,4,0.67,0.52,44.59,54.90,388,2,173,213
Discraft Ledgestone Open,Eureka Temp,5,476,443.0,3.65,3,0.65,2.87,53.59,43.54,209,6,112,91
Dynamic Discs Open,ECC - 2022 MPO,18,691,329.0,4.62,4,0.62,13.55,41.29,45.16,155,21,64,70
MVP Open at Maple Hill,DGPT Playoffs - 2022 MVP Open Golds,6,397,364.0,3.62,3,0.62,6.94,46.94,46.12,245,17,115,113
The Preserve Championship,Airborn Disc Golf Preserve - DGPT Black Bear MPO,5,695,331.0,4.59,4,0.59,5.94,42.81,51.25,320,19,137,164
Portland Open,2022 DGPT Portland Open - MPO,11,670,318.5,4.58,4,0.58,13.18,42.27,44.55,220,29,93,98
Dynamic Discs Open,ECC - 2022 MPO,14,893,430.0,4.57,4,0.57,3.87,52.26,43.87,155,6,81,68
Discraft Great Lakes Open,Toboggan MPO,17,840,403.5,4.56,4,0.56,8.19,43.27,48.54,342,28,148,166
European Open,European Open 2022,15,509,476.0,3.55,3,0.55,2.43,50.12,47.45,411,10,206,195
Dynamic Discs Open,ECC - 2022 MPO,16,320,287.0,3.54,3,0.54,21.29,22.58,56.13,155,33,35,87
Waco Annual Charity Open,Championship Layout MPO,9,519,243.0,4.53,4,0.53,11.20,45.10,43.70,357,40,161,156
Waco Annual Charity Open,Championship Layout MPO,12,609,288.0,4.53,4,0.53,8.40,46.50,45.10,357,30,166,161
Dynamic Discs Open,ECC - 2022 MPO,4,598,565.0,3.53,3,0.53,0.65,54.84,44.52,155,1,85,69
OTB Open,OTB Open AM - Blue,15,846,406.5,4.52,4,0.52,7.80,52.88,39.32,295,23,156,116
European Open,European Open 2022,18,699,333.0,4.51,4,0.51,23.11,27.74,49.15,411,95,114,202
Green Mountain Championship,DGPT Playoffs - Fox Run MPO,18,775,371.0,4.49,4,0.49,24.43,32.82,42.75,131,32,43,56
PDGA Professional Disc Golf World Championships,ECC MPO,12,450,417.0,3.47,3,0.47,9.13,52.58,38.29,504,46,265,193
Dynamic Discs Open,Supreme 18 - 2022 MPO,1,291,258.0,3.47,3,0.47,19.11,22.22,58.67,225,43,50,132
Jonesboro Open,MPO,18,818,392.5,4.45,4,0.45,10.32,50.72,38.97,349,36,177,136
OTB Open,OTB Open AM - Blue,18,689,328.0,4.44,4,0.44,15.25,47.46,37.29,295,45,140,110
United States Disc Golf Championship,USDGC-Rd1&4,17,249,216.0,3.43,3,0.43,28.13,43.23,28.65,192,54,83,55
United States Disc Golf Championship,USDGC-Rd2&3,18,647,307.0,4.43,4,0.43,27.60,25.00,47.40,192,53,48,91
Portland Open,2022 DGPT Portland Open - MPO,16,795,381.0,4.43,4,0.43,17.73,41.82,40.45,220,39,92,89
Texas State Disc Golf Championship,Thorn Long,17,912,439.5,4.42,4,0.42,6.96,57.47,35.57,388,27,223,138
PDGA Professional Disc Golf World Championships,ECC MPO,9,719,343.0,4.41,4,0.41,11.11,49.40,39.48,504,56,249,199
Las Vegas Challenge,2022 LVC Course Infinite Men,16,533,500.0,3.41,3,0.41,2.54,63.56,33.90,118,3,75,40
Waco Annual Charity Open,Championship Layout MPO,17,610,288.5,4.40,4,0.40,20.45,38.94,40.62,357,73,139,145
Dynamic Discs Open,Supreme 18 - 2022 MPO,2,1087,351.3,5.40,5,0.40,9.78,53.78,36.44,225,22,121,82
Dynamic Discs Open,ECC - 2022 MPO,7,678,322.5,4.40,4,0.40,14.19,47.10,38.71,155,22,73,60
Discraft Ledgestone Open,Northwood Black,9,732,349.5,4.40,4,0.40,8.93,51.55,39.52,291,26,150,115
Discraft Ledgestone Open,Eureka Temp,14,850,408.5,4.38,4,0.38,16.75,46.41,36.84,209,35,97,77
Discraft Ledgestone Open,Northwood Black,18,703,335.0,4.38,4,0.38,8.93,55.33,35.74,291,26,161,104
Dynamic Discs Open,Supreme 18 - 2022 MPO,17,710,338.5,4.38,4,0.38,19.64,35.27,45.09,224,44,79,101
Jonesboro Open,MPO,5,495,462.0,3.37,3,0.37,8.31,55.87,35.82,349,29,195,125
Jonesboro Open,MPO,14,520,487.0,3.37,3,0.37,6.59,57.88,35.53,349,23,202,124
Dynamic Discs Open,Supreme 18 - 2022 MPO,11,493,460.0,3.37,3,0.37,8.04,57.59,34.38,224,18,129,77
LWS Open at Idlewild,LWS Open 2022 MPO,18,650,308.5,4.37,4,0.37,12.98,47.37,39.65,285,37,135,113
Discraft Ledgestone Open,Northwood Black,13,653,310.0,4.36,4,0.36,15.46,47.42,37.11,291,45,138,108
Green Mountain Championship,DGPT Playoffs - Fox Run MPO,5,445,412.0,3.36,3,0.36,16.79,41.98,41.22,131,22,55,54
PDGA Professional Disc Golf World Championships,Jones MPO,17,710,338.5,4.36,4,0.36,13.46,48.32,38.22,416,56,201,159
Dynamic Discs Open,ECC - 2022 MPO,3,466,433.0,3.35,3,0.35,4.52,64.52,30.97,155,7,100,48
Dynamic Discs Open,ECC - 2022 MPO,8,994,320.3,5.35,5,0.35,23.23,38.06,38.71,155,36,59,60
United States Disc Golf Championship,USDGC-Rd1&4,3,841,404.0,4.35,4,0.35,2.60,67.71,29.69,192,5,130,57
Discraft Great Lakes Open,Toboggan MPO,15,960,463.5,4.34,4,0.34,6.73,60.23,33.04,342,23,206,113
United States Disc Golf Championship,USDGC-Rd2&3,13,818,392.5,4.34,4,0.34,14.06,47.40,38.54,192,27,91,74
Portland Open,2022 DGPT Portland Open - MPO,1,455,422.0,3.34,3,0.34,4.55,60.91,34.55,220,10,134,76
Portland Open,Glendoveer MPO - 2022 DGPT PDXO,18,1000,322.3,5.34,5,0.34,22.58,34.19,43.23,155,35,53,67
Dynamic Discs Open,Supreme 18 - 2022 MPO,15,396,363.0,3.33,3,0.33,4.02,66.96,29.02,224,9,150,65
Texas State Disc Golf Championship,Thorn Long,18,695,331.0,4.32,4,0.32,21.13,46.13,32.73,388,82,179,127
United States Disc Golf Championship,USDGC-Rd1&4,12,901,434.0,4.32,4,0.32,17.19,56.25,26.56,192,33,108,51
Green Mountain Championship,DGPT Playoffs - Fox Run MPO,8,743,355.0,4.31,4,0.31,9.92,61.07,29.01,131,13,80,38
Green Mountain Championship,DGPT Playoffs - Fox Run MPO,9,480,447.0,3.31,3,0.31,13.74,52.67,33.59,131,18,69,44
United States Disc Golf Championship,USDGC-Rd1&4,13,818,392.5,4.31,4,0.31,16.67,47.92,35.42,192,32,92,68
European Open,European Open 2022,17,459,426.0,3.31,3,0.31,8.52,57.18,34.31,411,35,235,141
Discraft Ledgestone Open,Eureka Temp,18,711,339.0,4.30,4,0.30,9.09,62.20,28.71,209,19,130,60
United States Disc Golf Championship,USDGC-Rd2&3,3,841,404.0,4.30,4,0.30,2.60,72.92,24.48,192,5,140,47
MVP Open at Maple Hill,DGPT Playoffs - 2022 MVP Open Golds,7,374,341.0,3.30,3,0.30,9.80,60.41,29.80,245,24,148,73
Las Vegas Challenge,2022 LVC Course Factory Men,5,470,437.0,3.30,3,0.30,5.31,64.60,30.09,113,6,73,34
Texas State Disc Golf Championship,Thorn Long,9,399,366.0,3.30,3,0.30,5.41,64.69,29.90,388,21,251,116
Dynamic Discs Open,ECC - 2022 MPO,1,1224,397.0,5.30,5,0.30,18.71,46.45,34.84,155,29,72,54
OTB Open,OTB Open AM - Blue,3,1171,379.3,5.29,5,0.29,10.85,56.95,32.20,295,32,168,95
OTB Open,OTB Open AM - Blue,17,737,352.0,4.29,4,0.29,13.90,56.27,29.83,295,41,166,88
MVP Open at Maple Hill,DGPT Playoffs - 2022 MVP Open Golds,1,842,404.5,4.29,4,0.29,10.61,57.14,32.24,245,26,140,79
Dynamic Discs Open,ECC - 2022 MPO,5,675,321.0,4.28,4,0.28,20.65,44.52,34.84,155,32,69,54
OTB Open,OTB Open AM - Blue,10,850,408.5,4.28,4,0.28,12.20,60.68,27.12,295,36,179,80
European Open,European Open 2022,11,394,361.0,3.27,3,0.27,21.65,38.44,39.90,411,89,158,164
MVP Open at Maple Hill,DGPT Playoffs - 2022 MVP Open Golds,18,652,309.5,4.27,4,0.27,16.33,49.80,33.88,245,40,122,83
Portland Open,2022 DGPT Portland Open - MPO,7,825,396.0,4.27,4,0.27,9.09,60.91,30.00,220,20,134,66
Portland Open,Glendoveer MPO - 2022 DGPT PDXO,14,845,406.0,4.27,4,0.27,20.65,43.87,35.48,155,32,68,55
Dynamic Discs Open,Supreme 18 - 2022 MPO,7,704,335.5,4.26,4,0.26,16.44,54.22,29.33,225,37,122,66
Dynamic Discs Open,ECC - 2022 MPO,2,745,356.0,4.25,4,0.25,14.84,54.19,30.97,155,23,84,48
Portland Open,2022 DGPT Portland Open - MPO,14,875,421.0,4.25,4,0.25,11.36,58.64,30.00,220,25,129,66
Green Mountain Championship,DGPT Playoffs - Brewster MPO,15,400,367.0,3.25,3,0.25,14.36,54.79,30.85,188,27,103,58
Green Mountain Championship,DGPT Playoffs - Fox Run MPO,7,1264,410.3,5.24,5,0.24,25.19,38.17,36.64,131,33,50,48
Las Vegas Challenge,2022 LVC Course Innova Men,18,720,343.5,4.24,4,0.24,24.24,40.00,35.76,165,40,66,59
OTB Open,OTB Open AM - Blue,1,842,404.5,4.24,4,0.24,15.25,53.90,30.85,295,45,159,91
United States Disc Golf Championship,USDGC-Rd2&3,12,901,434.0,4.23,4,0.23,18.23,57.81,23.96,192,35,111,46
LWS Open at Idlewild,LWS Open 2022 MPO,7,484,225.5,4.21,4,0.21,19.65,47.37,32.98,285,56,135,94
Discraft Ledgestone Open,Northwood Black,6,947,304.7,5.21,5,0.21,21.65,44.33,34.02,291,63,129,99
United States Disc Golf Championship,USDGC-Rd1&4,18,647,307.0,4.21,4,0.21,32.29,29.69,38.02,192,62,57,73
PDGA Professional Disc Golf World Championships,Jones MPO,1,291,258.0,3.21,3,0.21,35.82,17.55,46.63,416,149,73,194
Dynamic Discs Open,Supreme 18 - 2022 MPO,13,466,433.0,3.21,3,0.21,7.14,71.43,21.43,224,16,160,48
Dynamic Discs Open,Supreme 18 - 2022 MPO,18,789,378.0,4.21,4,0.21,18.75,53.13,28.13,224,42,119,63
Portland Open,2022 DGPT Portland Open - MPO,12,400,367.0,3.21,3,0.21,15.91,58.18,25.91,220,35,128,57
MVP Open at Maple Hill,DGPT Playoffs - 2022 MVP Open Golds,3,412,379.0,3.21,3,0.21,10.61,63.27,26.12,245,26,155,64
Green Mountain Championship,DGPT Playoffs - Fox Run MPO,16,711,339.0,4.20,4,0.20,19.85,52.67,27.48,131,26,69,36
European Open,European Open 2022,16,728,347.5,4.20,4,0.20,40.88,29.44,29.68,411,168,121,122
PDGA Professional Disc Golf World Championships,Jones MPO,2,1087,351.3,5.20,5,0.20,21.63,48.08,30.29,416,90,200,126
PDGA Professional Disc Golf World Championships,Jones MPO,11,493,460.0,3.19,3,0.19,11.54,62.98,25.48,416,48,262,106
Dynamic Discs Open,ECC - 2022 MPO,10,330,297.0,3.19,3,0.19,9.03,65.16,25.81,155,14,101,40
Dynamic Discs Open,ECC - 2022 MPO,11,404,371.0,3.19,3,0.19,21.94,43.87,34.19,155,34,68,53
The Preserve Championship,Airborn Disc Golf Preserve - DGPT Black Bear MPO,10,375,342.0,3.19,3,0.19,28.75,45.63,25.63,320,92,146,82
Discraft Ledgestone Open,Northwood Black,11,380,347.0,3.19,3,0.19,13.06,60.48,26.46,291,38,176,77
Discraft Ledgestone Open,Northwood Black,4,637,302.0,4.18,4,0.18,21.99,46.74,31.27,291,64,136,91
The TruBank Des Moines Challenge,Pickard Gold,11,721,344.0,4.18,4,0.18,20.68,51.56,27.76,353,73,182,98
United States Disc Golf Championship,USDGC-Rd1&4,2,409,376.0,3.18,3,0.18,13.02,62.50,24.48,192,25,120,47
Discraft Ledgestone Open,Northwood Black,3,604,285.5,4.17,4,0.17,16.49,56.01,27.49,291,48,163,80
European Open,European Open 2022,3,863,276.7,5.17,5,0.17,30.66,33.82,35.52,411,126,139,146
Texas State Disc Golf Championship,Thorn Long,3,464,431.0,3.17,3,0.17,7.47,71.39,21.13,388,29,277,82
Dynamic Discs Open,ECC - 2022 MPO,13,397,364.0,3.17,3,0.17,13.55,59.35,27.10,155,21,92,42
Dynamic Discs Open,ECC - 2022 MPO,15,439,406.0,3.17,3,0.17,16.77,58.71,24.52,155,26,91,38
Dynamic Discs Open,ECC - 2022 MPO,17,745,356.0,4.17,4,0.17,23.23,52.26,24.52,155,36,81,38
PDGA Professional Disc Golf World Championships,ECC MPO,8,994,320.3,5.16,5,0.16,34.13,31.35,34.52,504,172,158,174
Dynamic Discs Open,Supreme 18 - 2022 MPO,6,315,282.0,3.16,3,0.16,35.11,31.11,33.78,225,79,70,76
Portland Open,2022 DGPT Portland Open - MPO,15,780,373.5,4.16,4,0.16,28.64,38.64,32.73,220,63,85,72
Champions Cup,Champions Cup Long MPO,5,432,399.0,3.16,3,0.16,16.58,55.03,28.39,398,66,219,113
LWS Open at Idlewild,LWS Open 2022 MPO,10,368,335.0,3.16,3,0.16,8.77,69.12,22.11,285,25,197,63
The TruBank Des Moines Challenge,Pickard Gold,18,1080,349.0,5.16,5,0.16,25.50,42.49,32.01,353,90,150,113
PDGA Professional Disc Golf World Championships,Jones MPO,16,827,397.0,4.15,4,0.15,25.72,44.95,29.33,416,107,187,122
OTB Open,OTB Open AM - Blue,7,832,399.5,4.15,4,0.15,14.58,60.34,25.08,295,43,178,74
Portland Open,2022 DGPT Portland Open - MPO,3,550,258.5,4.15,4,0.15,26.82,41.36,31.82,220,59,91,70
Portland Open,2022 DGPT Portland Open - MPO,17,925,297.3,5.14,5,0.14,20.45,53.18,26.36,220,45,117,58
MVP Open at Maple Hill,DGPT Playoffs - 2022 MVP Open Golds,16,471,438.0,3.14,3,0.14,14.69,59.18,26.12,245,36,145,64
Discraft Ledgestone Open,Northwood Black,1,455,422.0,3.14,3,0.14,16.15,59.45,24.40,291,47,173,71
The TruBank Des Moines Challenge,Pickard Gold,4,472,439.0,3.14,3,0.14,21.53,45.61,32.86,353,76,161,116
PDGA Professional Disc Golf World Championships,ECC MPO,16,320,287.0,3.14,3,0.14,31.35,26.98,41.67,504,158,136,210
Las Vegas Challenge,2022 LVC Course Infinite Men,10,381,348.0,3.14,3,0.14,13.56,66.95,19.49,118,16,79,23
Dynamic Discs Open,Supreme 18 - 2022 MPO,8,724,345.5,4.13,4,0.13,24.44,45.78,29.78,225,55,103,67
PDGA Professional Disc Golf World Championships,ECC MPO,17,745,356.0,4.12,4,0.12,17.86,59.33,22.82,504,90,299,115
Las Vegas Challenge,2022 LVC Course Infinite Men,9,427,394.0,3.12,3,0.12,9.32,72.03,18.64,118,11,85,22
Las Vegas Challenge,2022 LVC Course Innova Men,13,387,354.0,3.12,3,0.12,12.73,64.85,22.42,165,21,107,37
Jonesboro Open,MPO,1,470,437.0,3.12,3,0.12,6.88,77.36,15.76,349,24,270,55
MVP Open at Maple Hill,DGPT Playoffs - 2022 MVP Open Golds,10,384,351.0,3.12,3,0.12,14.29,62.86,22.86,245,35,154,56
Discraft Ledgestone Open,Eureka Temp,8,793,380.0,4.12,4,0.12,22.01,50.24,27.75,209,46,105,58
Discraft Ledgestone Open,Eureka Temp,4,423,390.0,3.11,3,0.11,14.83,63.64,21.53,209,31,133,45
The TruBank Des Moines Challenge,Pickard Gold,1,795,381.0,4.11,4,0.11,17.56,63.17,19.26,353,62,223,68
The Preserve Championship,Airborn Disc Golf Preserve - DGPT Black Bear MPO,11,760,363.5,4.10,4,0.10,15.31,62.50,22.19,320,49,200,71
Discraft Ledgestone Open,Eureka Temp,2,615,291.0,4.10,4,0.10,25.84,46.41,27.75,209,54,97,58
Green Mountain Championship,DGPT Playoffs - Brewster MPO,8,625,296.0,4.10,4,0.10,19.68,59.04,21.28,188,37,111,40
United States Disc Golf Championship,USDGC-Rd2&3,2,409,376.0,3.10,3,0.10,17.71,57.29,25.00,192,34,110,48
European Open,European Open 2022,12,600,283.5,4.10,4,0.10,21.90,52.31,25.79,411,90,215,106
Las Vegas Challenge,2022 LVC Course Innova Men,16,888,427.5,4.10,4,0.10,21.21,56.97,21.82,165,35,94,36
Texas State Disc Golf Championship,Thorn Long,14,426,393.0,3.10,3,0.10,8.51,75.26,16.24,388,33,292,63
Dynamic Discs Open,ECC - 2022 MPO,12,320,287.0,3.10,3,0.10,17.42,63.23,19.35,155,27,98,30
Portland Open,Glendoveer MPO - 2022 DGPT PDXO,1,670,318.5,4.10,4,0.10,30.97,40.65,28.39,155,48,63,44
MVP Open at Maple Hill,DGPT Playoffs - 2022 MVP Open Golds,8,365,332.0,3.09,3,0.09,41.63,21.22,37.14,245,102,52,91
Portland Open,Glendoveer MPO - 2022 DGPT PDXO,2,390,357.0,3.09,3,0.09,21.29,52.26,26.45,155,33,81,41
LWS Open at Idlewild,LWS Open 2022 MPO,12,644,305.5,4.09,4,0.09,21.05,52.63,26.32,285,60,150,75
Jonesboro Open,MPO,2,820,393.5,4.09,4,0.09,10.03,71.63,18.34,349,35,250,64
Dynamic Discs Open,Supreme 18 - 2022 MPO,14,695,331.0,4.08,4,0.08,34.82,33.93,31.25,224,78,76,70
OTB Open,OTB Open AM - Blue,8,767,367.0,4.08,4,0.08,28.81,42.71,28.47,295,85,126,84
LWS Open at Idlewild,LWS Open 2022 MPO,17,287,254.0,3.08,3,0.08,24.21,49.82,25.96,285,69,142,74
Discraft Ledgestone Open,Northwood Black,8,389,356.0,3.08,3,0.08,25.77,42.96,31.27,291,75,125,91
The TruBank Des Moines Challenge,Pickard Gold,3,320,287.0,3.08,3,0.08,14.45,65.72,19.83,353,51,232,70
Green Mountain Championship,DGPT Playoffs - Brewster MPO,2,550,258.5,4.08,4,0.08,19.68,57.98,22.34,188,37,109,42
United States Disc Golf Championship,USDGC-Rd2&3,17,254,221.0,3.08,3,0.08,39.58,35.42,25.00,192,76,68,48
LWS Open at Idlewild,LWS Open 2022 MPO,5,432,399.0,3.07,3,0.07,15.44,67.72,16.84,285,44,193,48
United States Disc Golf Championship,USDGC-Rd1&4,5,1025,330.7,5.07,5,0.07,21.35,58.33,20.31,192,41,112,39
Portland Open,Glendoveer MPO - 2022 DGPT PDXO,5,910,438.5,4.07,4,0.07,28.39,45.16,26.45,155,44,70,41
MVP Open at Maple Hill,DGPT Playoffs - 2022 MVP Open Golds,14,442,409.0,3.07,3,0.07,23.67,56.33,20.00,245,58,138,49
OTB Open,OTB Open AM - Blue,9,435,402.0,3.07,3,0.07,14.92,68.81,16.27,295,44,203,48
PDGA Professional Disc Golf World Championships,ECC MPO,3,466,433.0,3.06,3,0.06,15.67,65.87,18.45,504,79,332,93
Jonesboro Open,MPO,9,750,358.5,4.06,4,0.06,17.77,63.32,18.91,349,62,221,66
Discraft Ledgestone Open,Eureka Temp,13,1080,349.0,5.06,5,0.06,41.15,27.75,31.10,209,86,58,65
Portland Open,Glendoveer MPO - 2022 DGPT PDXO,4,450,417.0,3.06,3,0.06,17.42,61.94,20.65,155,27,96,32
Champions Cup,Champions Cup Long MPO,17,588,277.5,4.05,4,0.05,23.62,54.02,22.36,398,94,215,89
OTB Open,OTB Open AM - Blue,6,364,331.0,3.05,3,0.05,26.10,45.76,28.14,295,77,135,83
The Preserve Championship,Airborn Disc Golf Preserve - DGPT Black Bear MPO,4,746,356.5,4.05,4,0.05,18.13,61.88,20.00,320,58,198,64
LWS Open at Idlewild,LWS Open 2022 MPO,2,601,284.0,4.05,4,0.05,23.86,53.33,22.81,285,68,152,65
Discraft Great Lakes Open,Toboggan MPO,1,516,483.0,3.05,3,0.05,14.91,68.13,16.96,342,51,233,58
European Open,European Open 2022,10,755,361.0,4.04,4,0.04,37.96,33.09,28.95,411,156,136,119
MVP Open at Maple Hill,DGPT Playoffs - 2022 MVP Open Golds,13,473,440.0,3.04,3,0.04,18.37,61.63,20.00,245,45,151,49
Las Vegas Challenge,2022 LVC Course Factory Men,8,390,357.0,3.04,3,0.04,27.43,48.67,23.89,113,31,55,27
Las Vegas Challenge,2022 LVC Course Factory Men,13,363,330.0,3.04,3,0.04,26.55,48.67,24.78,113,30,55,28
PDGA Professional Disc Golf World Championships,ECC MPO,18,691,329.0,4.03,4,0.03,29.56,46.03,24.40,504,149,232,123
Jonesboro Open,MPO,13,353,320.0,3.03,3,0.03,14.90,69.05,16.05,349,52,241,56
OTB Open,OTB Open AM - Blue,11,341,308.0,3.03,3,0.03,45.08,21.69,33.22,295,133,64,98
United States Disc Golf Championship,USDGC-Rd2&3,5,1025,330.7,5.03,5,0.03,29.69,48.96,21.35,192,57,94,41
Portland Open,2022 DGPT Portland Open - MPO,13,655,311.0,4.03,4,0.03,38.64,32.73,28.64,220,85,72,63
PDGA Professional Disc Golf World Championships,ECC MPO,1,1224,397.0,5.02,5,0.02,29.37,46.63,24.01,504,148,235,121
Las Vegas Challenge,2022 LVC Course Factory Men,14,441,408.0,3.02,3,0.02,13.27,72.57,14.16,113,15,82,16
OTB Open,OTB Open AM - Blue,14,351,318.0,3.02,3,0.02,27.80,48.81,23.39,295,82,144,69
LWS Open at Idlewild,LWS Open 2022 MPO,4,722,344.5,4.02,4,0.02,28.07,48.07,23.86,285,80,137,68
LWS Open at Idlewild,LWS Open 2022 MPO,13,584,275.5,4.02,4,0.02,37.19,34.74,28.07,285,106,99,80
Discraft Great Lakes Open,Toboggan MPO,2,680,323.5,4.02,4,0.02,11.70,76.61,11.70,342,40,262,40
Discraft Great Lakes Open,Toboggan MPO,13,526,493.0,3.02,3,0.02,7.60,83.04,9.36,342,26,284,32
Discraft Ledgestone Open,Northwood Black,2,580,273.5,4.02,4,0.02,24.74,54.30,20.96,291,72,158,61
Green Mountain Championship,DGPT Playoffs - Brewster MPO,9,375,342.0,3.02,3,0.02,24.47,52.66,22.87,188,46,99,43
United States Disc Golf Championship,USDGC-Rd1&4,8,697,332.0,4.02,4,0.02,19.79,61.98,18.23,192,38,119,35
United States Disc Golf Championship,USDGC-Rd2&3,8,697,332.0,4.02,4,0.02,22.92,55.73,21.35,192,44,107,41
Discraft Great Lakes Open,Toboggan MPO,9,563,530.0,3.01,3,0.01,11.70,77.49,10.82,342,40,265,37
The TruBank Des Moines Challenge,Pickard Gold,7,345,312.0,3.01,3,0.01,40.79,18.70,40.51,353,144,66,143
Green Mountain Championship,DGPT Playoffs - Brewster MPO,10,475,442.0,3.01,3,0.01,14.89,72.34,12.77,188,28,136,24
PDGA Professional Disc Golf World Championships,Jones MPO,13,466,433.0,3.01,3,0.01,16.11,68.99,14.90,416,67,287,62
Las Vegas Challenge,2022 LVC Course Innova Men,15,439,406.0,3.01,3,0.01,12.73,78.18,9.09,165,21,129,15
Texas State Disc Golf Championship,Thorn Long,1,382,349.0,3.01,3,0.01,24.74,56.70,18.56,388,96,220,72
Discraft Great Lakes Open,Toboggan MPO,10,650,308.5,4.00,4,0.00,17.25,66.96,15.79,342,59,229,54
The TruBank Des Moines Challenge,Pickard Gold,8,580,547.0,3.00,3,0.00,19.55,62.61,17.85,353,69,221,63
Portland Open,2022 DGPT Portland Open - MPO,9,515,241.0,3.23,4,-0.77,83.64,11.82,4.55,220,184,26,10
Green Mountain Championship,DGPT Playoffs - Fox Run MPO,6,266,233.0,2.25,3,-0.75,80.92,12.98,6.11,131,106,17,8
Portland Open,Glendoveer MPO - 2022 DGPT PDXO,8,615,291.0,3.30,4,-0.70,70.97,26.45,2.58,155,110,41,4
Portland Open,2022 DGPT Portland Open - MPO,6,270,237.0,2.33,3,-0.67,70.45,25.91,3.64,220,155,57,8
LWS Open at Idlewild,LWS Open 2022 MPO,16,969,312.0,4.33,5,-0.67,66.32,24.21,9.47,285,189,69,27
The TruBank Des Moines Challenge,Pickard Gold,10,844,270.3,4.34,5,-0.66,74.50,18.13,7.37,353,263,64,26
Green Mountain Championship,DGPT Playoffs - Fox Run MPO,10,316,283.0,2.34,3,-0.66,70.99,24.43,4.58,131,93,32,6
Green Mountain Championship,DGPT Playoffs - Brewster MPO,3,282,249.0,2.36,3,-0.64,65.43,33.51,1.06,188,123,63,2
Champions Cup,Champions Cup Long MPO,18,726,231.0,4.39,5,-0.61,63.07,27.64,9.30,398,251,110,37
LWS Open at Idlewild,LWS Open 2022 MPO,8,576,181.0,4.44,5,-0.56,58.25,31.93,9.82,285,166,91,28
Green Mountain Championship,DGPT Playoffs - Brewster MPO,17,544,255.5,3.45,4,-0.55,61.17,32.45,6.38,188,115,61,12
European Open,European Open 2022,8,236,203.0,2.45,3,-0.55,64.23,28.71,7.06,411,264,118,29
Discraft Ledgestone Open,Eureka Temp,7,275,242.0,2.46,3,-0.54,59.81,33.49,6.70,209,125,70,14
Jonesboro Open,MPO,15,270,237.0,2.46,3,-0.54,60.74,32.95,6.30,349,212,115,22
Green Mountain Championship,DGPT Playoffs - Fox Run MPO,13,375,342.0,2.47,3,-0.53,61.83,30.53,7.63,131,81,40,10
United States Disc Golf Championship,USDGC-Rd2&3,10,549,258.0,3.48,4,-0.52,61.46,23.44,15.10,192,118,45,29
Waco Annual Charity Open,Championship Layout MPO,7,462,214.5,3.48,4,-0.52,58.26,36.13,5.60,357,208,129,20
Las Vegas Challenge,2022 LVC Course Innova Men,7,432,199.5,3.50,4,-0.50,53.33,33.94,12.73,165,88,56,21
Champions Cup,Champions Cup Long MPO,14,837,268.0,4.50,5,-0.50,57.54,32.66,9.80,398,229,130,39
Texas State Disc Golf Championship,Thorn Long,16,639,303.0,3.52,4,-0.48,57.22,35.31,7.47,388,222,137,29
Discraft Great Lakes Open,Toboggan MPO,4,580,273.5,3.52,4,-0.48,55.56,37.13,7.31,342,190,127,25
LWS Open at Idlewild,LWS Open 2022 MPO,1,638,302.5,3.53,4,-0.47,55.09,39.30,5.61,285,157,112,16
LWS Open at Idlewild,LWS Open 2022 MPO,11,242,209.0,2.53,3,-0.47,54.04,39.30,6.67,285,154,112,19
Discraft Great Lakes Open,Toboggan MPO,8,500,233.5,3.53,4,-0.47,52.92,42.11,4.97,342,181,144,17
United States Disc Golf Championship,USDGC-Rd1&4,10,549,258.0,3.53,4,-0.47,59.38,23.96,16.67,192,114,46,32
PDGA Professional Disc Golf World Championships,ECC MPO,14,975,314.0,4.53,5,-0.47,61.11,27.18,11.71,504,308,137,59
Las Vegas Challenge,2022 LVC Course Innova Men,11,369,336.0,2.53,3,-0.47,50.91,45.45,3.64,165,84,75,6
Champions Cup,Champions Cup Long MPO,16,297,264.0,2.54,3,-0.46,55.78,35.43,8.79,398,222,141,35
The Preserve Championship,Airborn Disc Golf Preserve - DGPT Black Bear MPO,8,406,373.0,2.54,3,-0.46,51.25,44.06,4.69,320,164,141,15
Waco Annual Charity Open,Championship Layout MPO,16,609,288.0,3.55,4,-0.45,53.50,38.94,7.56,357,191,139,27
Las Vegas Challenge,2022 LVC Course Infinite Men,15,269,236.0,2.56,3,-0.44,47.46,49.15,3.39,118,56,58,4
Las Vegas Challenge,2022 LVC Course Innova Men,2,270,237.0,2.56,3,-0.44,48.48,47.27,4.24,165,80,78,7
Jonesboro Open,MPO,8,324,291.0,2.56,3,-0.44,48.14,47.56,4.30,349,168,166,15
Green Mountain Championship,DGPT Playoffs - Fox Run MPO,14,342,309.0,2.56,3,-0.44,57.25,32.06,10.69,131,75,42,14
The Preserve Championship,Airborn Disc Golf Preserve - DGPT Black Bear MPO,15,738,352.5,3.58,4,-0.43,50.63,41.25,8.13,320,162,132,26
The TruBank Des Moines Challenge,Pickard Gold,9,290,257.0,2.57,3,-0.43,57.51,30.31,12.18,353,203,107,43
Waco Annual Charity Open,Championship Layout MPO,5,264,231.0,2.57,3,-0.43,51.26,40.62,8.12,357,183,145,29
PDGA Professional Disc Golf World Championships,ECC MPO,6,339,306.0,2.58,3,-0.42,55.36,32.34,12.30,504,279,163,62
Champions Cup,Champions Cup Long MPO,2,390,357.0,2.58,3,-0.42,46.48,48.99,4.52,398,185,195,18
Discraft Great Lakes Open,Toboggan MPO,7,667,317.0,3.59,4,-0.41,46.20,48.54,5.26,342,158,166,18
Green Mountain Championship,DGPT Playoffs - Brewster MPO,5,305,272.0,2.59,3,-0.41,50.00,42.55,7.45,188,94,80,14
Las Vegas Challenge,2022 LVC Course Infinite Men,2,324,291.0,2.59,3,-0.41,46.61,47.46,5.93,118,55,56,7
Las Vegas Challenge,2022 LVC Course Innova Men,6,222,189.0,2.59,3,-0.41,59.39,25.45,15.15,165,98,42,25
Las Vegas Challenge,2022 LVC Course Factory Men,3,359,326.0,2.59,3,-0.41,49.56,43.36,7.08,113,56,49,8
OTB Open,OTB Open AM - Blue,5,1006,324.3,4.59,5,-0.41,50.17,41.02,8.81,295,148,121,26
Las Vegas Challenge,2022 LVC Course Infinite Men,3,666,316.5,3.60,4,-0.40,53.39,34.75,11.86,118,63,41,14
Jonesboro Open,MPO,7,675,321.0,3.60,4,-0.40,43.84,52.15,4.01,349,153,182,14
Jonesboro Open,MPO,16,855,274.0,4.60,5,-0.40,52.15,32.38,15.47,349,182,113,54
The Preserve Championship,Airborn Disc Golf Preserve - DGPT Black Bear MPO,18,942,303.0,4.60,5,-0.40,50.31,35.00,14.69,320,161,112,47
The TruBank Des Moines Challenge,Pickard Gold,12,260,227.0,2.60,3,-0.40,52.97,35.13,11.90,353,187,124,42
PDGA Professional Disc Golf World Championships,Jones MPO,12,302,269.0,2.61,3,-0.39,54.81,31.01,14.18,416,228,129,59
Las Vegas Challenge,2022 LVC Course Infinite Men,18,301,268.0,2.62,3,-0.38,48.31,42.37,9.32,118,57,50,11
Waco Annual Charity Open,Championship Layout MPO,6,267,234.0,2.62,3,-0.38,43.42,50.70,5.88,357,155,181,21
Texas State Disc Golf Championship,Thorn Long,13,552,259.5,3.62,4,-0.38,48.97,41.49,9.54,388,190,161,37
Discraft Ledgestone Open,Eureka Temp,11,300,267.0,2.62,3,-0.38,55.02,30.14,14.83,209,115,63,31
Discraft Ledgestone Open,Northwood Black,5,451,209.0,3.62,4,-0.38,48.80,41.24,9.97,291,142,120,29
United States Disc Golf Championship,USDGC-Rd1&4,9,362,329.0,2.63,3,-0.38,56.77,25.52,17.71,192,109,49,34
The Preserve Championship,Airborn Disc Golf Preserve - DGPT Black Bear MPO,6,390,357.0,2.63,3,-0.37,40.94,55.63,3.44,320,131,178,11
The Preserve Championship,Airborn Disc Golf Preserve - DGPT Black Bear MPO,13,329,296.0,2.63,3,-0.37,44.38,50.00,5.63,320,142,160,18
Green Mountain Championship,DGPT Playoffs - Brewster MPO,1,322,289.0,2.63,3,-0.37,43.09,51.06,5.85,188,81,96,11
European Open,European Open 2022,9,338,305.0,2.63,3,-0.37,45.74,46.23,8.03,411,188,190,33
Las Vegas Challenge,2022 LVC Course Infinite Men,14,405,372.0,2.63,3,-0.37,44.07,49.15,6.78,118,52,58,8
Las Vegas Challenge,2022 LVC Course Innova Men,3,260,227.0,2.63,3,-0.37,58.79,23.03,18.18,165,97,38,30
PDGA Professional Disc Golf World Championships,Jones MPO,14,695,331.0,3.64,4,-0.36,45.91,44.47,9.62,416,191,185,40
Las Vegas Challenge,2022 LVC Course Infinite Men,5,370,337.0,2.64,3,-0.36,44.07,47.46,8.47,118,52,56,10
Jonesboro Open,MPO,11,560,263.5,3.64,4,-0.36,45.85,45.27,8.88,349,160,158,31
Portland Open,2022 DGPT Portland Open - MPO,18,600,283.5,3.64,4,-0.36,55.45,29.09,15.45,220,122,64,34
Portland Open,2022 DGPT Portland Open - MPO,4,295,262.0,2.64,3,-0.36,45.00,46.82,8.18,220,99,103,18
Green Mountain Championship,DGPT Playoffs - Brewster MPO,6,345,312.0,2.64,3,-0.36,43.09,50.00,6.91,188,81,94,13
Green Mountain Championship,DGPT Playoffs - Fox Run MPO,15,321,288.0,2.65,3,-0.35,43.51,48.09,8.40,131,57,63,11
Las Vegas Challenge,2022 LVC Course Innova Men,5,666,316.5,3.65,4,-0.35,56.97,27.88,15.15,165,94,46,25
Waco Annual Charity Open,Championship Layout MPO,13,555,261.0,3.65,4,-0.35,49.30,38.10,12.61,357,176,136,45
Portland Open,2022 DGPT Portland Open - MPO,5,575,271.0,3.65,4,-0.35,49.09,40.45,10.45,220,108,89,23
Champions Cup,Champions Cup Long MPO,12,990,319.0,4.66,5,-0.34,46.48,42.96,10.55,398,185,171,42
The Preserve Championship,Airborn Disc Golf Preserve - DGPT Black Bear MPO,17,243,210.0,2.66,3,-0.34,42.50,50.00,7.50,320,136,160,24
Discraft Ledgestone Open,Northwood Black,16,330,297.0,2.66,3,-0.34,42.61,50.17,7.22,291,124,146,21
The TruBank Des Moines Challenge,Pickard Gold,2,753,360.0,3.66,4,-0.34,48.44,41.64,9.92,353,171,147,35
United States Disc Golf Championship,USDGC-Rd2&3,9,362,329.0,2.66,3,-0.34,55.21,26.56,18.23,192,106,51,35
Las Vegas Challenge,2022 LVC Course Infinite Men,6,294,130.5,3.66,4,-0.34,64.41,12.71,22.88,118,76,15,27
Waco Annual Charity Open,Championship Layout MPO,8,213,180.0,2.66,3,-0.34,45.66,43.42,10.92,357,163,155,39
Texas State Disc Golf Championship,Thorn Long,15,561,264.0,3.66,4,-0.34,49.48,38.40,12.11,388,192,149,47
The TruBank Des Moines Challenge,Pickard Gold,17,235,202.0,2.67,3,-0.33,42.21,48.73,9.07,353,149,172,32
Green Mountain Championship,DGPT Playoffs - Brewster MPO,18,344,311.0,2.67,3,-0.33,38.83,55.85,5.32,188,73,105,10
European Open,European Open 2022,14,361,328.0,2.67,3,-0.33,37.47,57.66,4.87,411,154,237,20
Champions Cup,Champions Cup Long MPO,10,606,286.5,3.68,4,-0.32,40.20,52.01,7.79,398,160,207,31
Portland Open,Glendoveer MPO - 2022 DGPT PDXO,11,1145,370.7,4.68,5,-0.32,47.10,38.71,14.19,155,73,60,22
Las Vegas Challenge,2022 LVC Course Infinite Men,7,358,325.0,2.68,3,-0.32,37.29,58.47,4.24,118,44,69,5
Las Vegas Challenge,2022 LVC Course Infinite Men,17,345,312.0,2.68,3,-0.32,38.14,55.93,5.93,118,45,66,7
Las Vegas Challenge,2022 LVC Course Factory Men,12,987,318.0,4.68,5,-0.32,57.52,23.89,18.58,113,65,27,21
Las Vegas Challenge,2022 LVC Course Infinite Men,12,405,372.0,2.69,3,-0.31,34.75,61.02,4.24,118,41,72,5
Las Vegas Challenge,2022 LVC Course Factory Men,15,337,304.0,2.69,3,-0.31,40.71,49.56,9.73,113,46,56,11
Green Mountain Championship,DGPT Playoffs - Brewster MPO,16,385,352.0,2.69,3,-0.31,38.30,54.79,6.91,188,72,103,13
The Preserve Championship,Airborn Disc Golf Preserve - DGPT Black Bear MPO,9,1280,415.7,4.70,5,-0.30,40.94,48.13,10.94,320,131,154,35
PDGA Professional Disc Golf World Championships,ECC MPO,7,678,322.5,3.70,4,-0.30,44.05,45.44,10.52,504,222,229,53
PDGA Professional Disc Golf World Championships,ECC MPO,11,404,371.0,2.70,3,-0.30,47.62,36.51,15.87,504,240,184,80
Champions Cup,Champions Cup Long MPO,4,327,294.0,2.70,3,-0.30,44.97,42.21,12.81,398,179,168,51
MVP Open at Maple Hill,DGPT Playoffs - 2022 MVP Open Golds,4,247,214.0,2.71,3,-0.29,40.41,48.16,11.43,245,99,118,28
Discraft Great Lakes Open,Toboggan MPO,3,915,441.0,3.71,4,-0.29,44.15,41.81,14.04,342,151,143,48
Jonesboro Open,MPO,4,660,313.5,3.71,4,-0.29,46.42,38.11,15.47,349,162,133,54
PDGA Professional Disc Golf World Championships,ECC MPO,15,439,406.0,2.72,3,-0.28,44.25,42.86,12.90,504,223,216,65
Las Vegas Challenge,2022 LVC Course Factory Men,2,649,308.0,3.72,4,-0.28,33.63,61.06,5.31,113,38,69,6
Las Vegas Challenge,2022 LVC Course Factory Men,4,309,276.0,2.72,3,-0.28,42.48,46.02,11.50,113,48,52,13
Waco Annual Charity Open,Championship Layout MPO,2,631,299.0,3.72,4,-0.28,46.50,38.66,14.85,357,166,138,53
The Preserve Championship,Airborn Disc Golf Preserve - DGPT Black Bear MPO,1,708,337.5,3.72,4,-0.28,46.56,39.06,14.38,320,149,125,46
The Preserve Championship,Airborn Disc Golf Preserve - DGPT Black Bear MPO,3,408,375.0,2.73,3,-0.27,36.56,53.75,9.69,320,117,172,31
Discraft Ledgestone Open,Eureka Temp,16,606,286.5,3.73,4,-0.27,39.23,47.37,13.40,209,82,99,28
Green Mountain Championship,DGPT Playoffs - Fox Run MPO,1,565,266.0,3.73,4,-0.27,48.09,35.11,16.79,131,63,46,22
MVP Open at Maple Hill,DGPT Playoffs - 2022 MVP Open Golds,9,411,189.0,3.73,4,-0.27,48.16,34.69,17.14,245,118,85,42
Las Vegas Challenge,2022 LVC Course Factory Men,6,730,348.5,3.73,4,-0.27,48.67,34.51,16.81,113,55,39,19
Waco Annual Charity Open,Championship Layout MPO,3,320,287.0,2.73,3,-0.27,36.13,57.14,6.72,357,129,204,24
PDGA Professional Disc Golf World Championships,Jones MPO,9,682,324.5,3.74,4,-0.26,44.23,41.83,13.94,416,184,174,58
The Preserve Championship,Airborn Disc Golf Preserve - DGPT Black Bear MPO,16,402,369.0,2.74,3,-0.26,33.44,60.00,6.56,320,107,192,21
United States Disc Golf Championship,USDGC-Rd1&4,1,283,250.0,2.74,3,-0.26,40.63,47.40,11.98,192,78,91,23
European Open,European Open 2022,1,322,289.0,2.74,3,-0.26,34.79,57.66,7.54,411,143,237,31
Green Mountain Championship,DGPT Playoffs - Brewster MPO,11,620,293.5,3.75,4,-0.25,38.30,48.94,12.77,188,72,92,24
Green Mountain Championship,DGPT Playoffs - Brewster MPO,14,300,267.0,2.75,3,-0.25,34.04,58.51,7.45,188,64,110,14
PDGA Professional Disc Golf World Championships,Jones MPO,4,668,317.5,3.75,4,-0.25,42.55,43.27,14.18,416,177,180,59
Las Vegas Challenge,2022 LVC Course Factory Men,16,693,330.0,3.75,4,-0.25,40.71,47.79,11.50,113,46,54,13
Dynamic Discs Open,Supreme 18 - 2022 MPO,12,302,269.0,2.75,3,-0.25,49.11,31.70,19.20,224,110,71,43
MVP Open at Maple Hill,DGPT Playoffs - 2022 MVP Open Golds,15,323,290.0,2.75,3,-0.25,40.41,46.94,12.65,245,99,115,31
Champions Cup,Champions Cup Long MPO,9,618,292.5,3.76,4,-0.24,39.45,48.24,12.31,398,157,192,49
PDGA Professional Disc Golf World Championships,Jones MPO,5,385,352.0,2.76,3,-0.24,33.89,56.97,9.13,416,141,237,38
Waco Annual Charity Open,Championship Layout MPO,1,291,258.0,2.76,3,-0.24,40.62,43.70,15.69,357,145,156,56
Texas State Disc Golf Championship,Thorn Long,6,555,261.0,3.76,4,-0.24,39.43,47.94,12.63,388,153,186,49
Discraft Great Lakes Open,Toboggan MPO,6,519,243.0,3.77,4,-0.23,35.67,52.05,12.28,342,122,178,42
Discraft Great Lakes Open,Toboggan MPO,16,396,363.0,2.77,3,-0.23,29.82,64.62,5.56,342,102,221,19
Discraft Ledgestone Open,Eureka Temp,10,425,392.0,2.77,3,-0.23,35.41,52.63,11.96,209,74,110,25
European Open,European Open 2022,5,328,295.0,2.77,3,-0.23,31.63,60.83,7.54,411,130,250,31
Portland Open,2022 DGPT Portland Open - MPO,10,295,262.0,2.77,3,-0.23,45.91,34.55,19.55,220,101,76,43
MVP Open at Maple Hill,DGPT Playoffs - 2022 MVP Open Golds,5,268,235.0,2.78,3,-0.22,51.84,28.16,20.00,245,127,69,49
Las Vegas Challenge,2022 LVC Course Innova Men,4,377,344.0,2.78,3,-0.22,38.79,49.09,12.12,165,64,81,20
Las Vegas Challenge,2022 LVC Course Innova Men,10,721,344.0,3.78,4,-0.22,46.06,33.94,20.00,165,76,56,33
Las Vegas Challenge,2022 LVC Course Innova Men,12,396,363.0,2.78,3,-0.22,40.61,41.21,18.18,165,67,68,30
Discraft Great Lakes Open,Toboggan MPO,18,315,282.0,2.78,3,-0.22,33.92,55.85,10.23,342,116,191,35
The TruBank Des Moines Challenge,Pickard Gold,6,633,300.0,3.78,4,-0.22,37.39,49.58,13.03,353,132,175,46
United States Disc Golf Championship,USDGC-Rd2&3,16,391,358.0,2.78,3,-0.22,40.63,40.63,18.75,192,78,78,36
United States Disc Golf Championship,USDGC-Rd2&3,1,283,250.0,2.79,3,-0.21,40.10,46.88,13.02,192,77,90,25
Las Vegas Challenge,2022 LVC Course Innova Men,14,798,382.5,3.79,4,-0.21,45.45,38.18,16.36,165,75,63,27
Las Vegas Challenge,2022 LVC Course Infinite Men,1,233,200.0,2.80,3,-0.20,37.29,50.00,12.71,118,44,59,15
Las Vegas Challenge,2022 LVC Course Infinite Men,13,249,216.0,2.80,3,-0.20,35.59,51.69,12.71,118,42,61,15
Las Vegas Challenge,2022 LVC Course Innova Men,1,353,320.0,2.80,3,-0.20,35.76,53.33,10.91,165,59,88,18
Las Vegas Challenge,2022 LVC Course Innova Men,9,641,304.0,3.80,4,-0.20,43.03,37.58,19.39,165,71,62,32
Portland Open,Glendoveer MPO - 2022 DGPT PDXO,10,710,338.5,3.80,4,-0.20,42.58,37.42,20.00,155,66,58,31
Portland Open,Glendoveer MPO - 2022 DGPT PDXO,13,455,422.0,2.80,3,-0.20,25.81,69.68,4.52,155,40,108,7
The TruBank Des Moines Challenge,Pickard Gold,15,600,283.5,3.80,4,-0.20,33.99,55.24,10.76,353,120,195,38
The TruBank Des Moines Challenge,Pickard Gold,16,315,282.0,2.80,3,-0.20,36.26,48.73,15.01,353,128,172,53
Green Mountain Championship,DGPT Playoffs - Fox Run MPO,11,594,280.5,3.80,4,-0.20,43.51,37.40,19.08,131,57,49,25
Discraft Ledgestone Open,Eureka Temp,9,354,321.0,2.81,3,-0.19,45.45,35.41,19.14,209,95,74,40
United States Disc Golf Championship,USDGC-Rd2&3,7,284,251.0,2.81,3,-0.19,39.58,41.15,19.27,192,76,79,37
Las Vegas Challenge,2022 LVC Course Factory Men,11,635,301.0,3.81,4,-0.19,39.82,40.71,19.47,113,45,46,22
Jonesboro Open,MPO,3,435,402.0,2.81,3,-0.19,25.79,68.19,6.02,349,90,238,21
Jonesboro Open,MPO,6,315,282.0,2.81,3,-0.19,55.30,14.04,30.66,349,193,49,107
Jonesboro Open,MPO,17,660,313.5,3.81,4,-0.19,40.11,40.97,18.91,349,140,143,66
Champions Cup,Champions Cup Long MPO,11,420,387.0,2.81,3,-0.19,28.14,63.07,8.79,398,112,251,35
Discraft Ledgestone Open,Eureka Temp,15,315,282.0,2.82,3,-0.18,34.93,49.76,15.31,209,73,104,32
Green Mountain Championship,DGPT Playoffs - Fox Run MPO,2,248,215.0,2.82,3,-0.18,37.40,45.04,17.56,131,49,59,23
European Open,European Open 2022,7,568,267.5,3.82,4,-0.18,33.58,53.28,13.14,411,138,219,54
PDGA Professional Disc Golf World Championships,Jones MPO,3,654,310.5,3.82,4,-0.18,40.14,40.14,19.71,416,167,167,82
Las Vegas Challenge,2022 LVC Course Infinite Men,4,390,357.0,2.82,3,-0.18,35.59,49.15,15.25,118,42,58,18
Waco Annual Charity Open,Championship Layout MPO,11,279,246.0,2.82,3,-0.18,34.17,54.90,10.92,357,122,196,39
Texas State Disc Golf Championship,Thorn Long,10,426,393.0,2.82,3,-0.18,26.29,65.72,7.99,388,102,255,31
PDGA Professional Disc Golf World Championships,ECC MPO,4,388,355.0,2.83,3,-0.17,30.56,56.94,12.50,504,154,287,63
Jonesboro Open,MPO,12,655,311.0,3.83,4,-0.17,39.54,40.40,20.06,349,138,141,70
Dynamic Discs Open,Supreme 18 - 2022 MPO,3,654,310.5,3.83,4,-0.17,43.11,40.00,16.89,225,97,90,38
OTB Open,OTB Open AM - Blue,2,399,366.0,2.83,3,-0.17,24.75,67.80,7.46,295,73,200,22
LWS Open at Idlewild,LWS Open 2022 MPO,9,258,225.0,2.83,3,-0.17,33.33,52.28,14.39,285,95,149,41
Discraft Ledgestone Open,Northwood Black,17,320,287.0,2.83,3,-0.17,41.92,38.14,19.93,291,122,111,58
The TruBank Des Moines Challenge,Pickard Gold,5,330,297.0,2.83,3,-0.17,51.27,18.41,30.31,353,181,65,107
Green Mountain Championship,DGPT Playoffs - Fox Run MPO,12,731,349.0,3.83,4,-0.17,35.11,48.85,16.03,131,46,64,21
United States Disc Golf Championship,USDGC-Rd2&3,14,413,380.0,2.84,3,-0.16,38.02,43.23,18.75,192,73,83,36
Champions Cup,Champions Cup Long MPO,6,366,333.0,2.84,3,-0.16,30.15,57.29,12.56,398,120,228,50
MVP Open at Maple Hill,DGPT Playoffs - 2022 MVP Open Golds,2,381,348.0,2.84,3,-0.16,30.61,55.10,14.29,245,75,135,35
Las Vegas Challenge,2022 LVC Course Factory Men,18,632,299.5,3.84,4,-0.16,41.59,32.74,25.66,113,47,37,29
Las Vegas Challenge,2022 LVC Course Factory Men,7,463,430.0,2.85,3,-0.15,23.01,70.80,6.19,113,26,80,7
The Preserve Championship,Airborn Disc Golf Preserve - DGPT Black Bear MPO,12,348,315.0,2.85,3,-0.15,30.63,59.38,10.00,320,98,190,32
LWS Open at Idlewild,LWS Open 2022 MPO,3,656,311.5,3.85,4,-0.15,29.47,58.25,12.28,285,84,166,35
LWS Open at Idlewild,LWS Open 2022 MPO,6,555,261.0,3.85,4,-0.15,38.95,40.70,20.35,285,111,116,58
Discraft Ledgestone Open,Eureka Temp,1,633,300.0,3.85,4,-0.15,49.28,26.79,23.92,209,103,56,50
Discraft Ledgestone Open,Northwood Black,7,325,292.0,2.85,3,-0.15,32.30,52.23,15.46,291,94,152,45
Green Mountain Championship,DGPT Playoffs - Brewster MPO,13,570,268.5,3.85,4,-0.15,29.79,58.51,11.70,188,56,110,22
United States Disc Golf Championship,USDGC-Rd1&4,14,413,380.0,2.85,3,-0.15,35.94,44.79,19.27,192,69,86,37
Portland Open,Glendoveer MPO - 2022 DGPT PDXO,15,335,302.0,2.85,3,-0.15,33.55,49.68,16.77,155,52,77,26
Champions Cup,Champions Cup Long MPO,13,399,366.0,2.85,3,-0.15,27.39,60.80,11.81,398,109,242,47
Champions Cup,Champions Cup Long MPO,1,660,313.5,3.86,4,-0.14,28.39,58.04,13.57,398,113,231,54
Portland Open,Glendoveer MPO - 2022 DGPT PDXO,16,410,377.0,2.86,3,-0.14,25.81,63.23,10.97,155,40,98,17
PDGA Professional Disc Golf World Championships,Jones MPO,6,315,282.0,2.86,3,-0.14,50.24,19.47,30.29,416,209,81,126
Las Vegas Challenge,2022 LVC Course Infinite Men,11,430,397.0,2.86,3,-0.14,24.58,64.41,11.02,118,29,76,13
Texas State Disc Golf Championship,Thorn Long,11,485,452.0,2.86,3,-0.14,22.94,69.59,7.47,388,89,270,29
Discraft Great Lakes Open,Toboggan MPO,12,344,311.0,2.86,3,-0.14,19.88,73.98,6.14,342,68,253,21
Green Mountain Championship,DGPT Playoffs - Brewster MPO,12,430,397.0,2.86,3,-0.14,24.47,64.89,10.64,188,46,122,20
Green Mountain Championship,DGPT Playoffs - Fox Run MPO,17,391,358.0,2.86,3,-0.14,40.46,38.17,21.37,131,53,50,28
United States Disc Golf Championship,USDGC-Rd1&4,7,284,251.0,2.86,3,-0.14,38.02,39.58,22.40,192,73,76,43
Green Mountain Championship,DGPT Playoffs - Fox Run MPO,3,300,267.0,2.87,3,-0.13,38.93,38.93,22.14,131,51,51,29
PDGA Professional Disc Golf World Championships,ECC MPO,10,330,297.0,2.87,3,-0.13,26.98,60.52,12.50,504,136,305,63
Las Vegas Challenge,2022 LVC Course Infinite Men,8,735,351.0,3.87,4,-0.13,34.75,46.61,18.64,118,41,55,22
Las Vegas Challenge,2022 LVC Course Factory Men,1,415,382.0,2.87,3,-0.13,30.97,53.10,15.93,113,35,60,18
Texas State Disc Golf Championship,Thorn Long,5,356,323.0,2.87,3,-0.13,25.52,62.89,11.60,388,99,244,45
Dynamic Discs Open,Supreme 18 - 2022 MPO,5,385,352.0,2.87,3,-0.13,24.44,64.44,11.11,225,55,145,25
OTB Open,OTB Open AM - Blue,4,831,399.0,3.87,4,-0.13,25.42,62.71,11.86,295,75,185,35
PDGA Professional Disc Golf World Championships,ECC MPO,13,397,364.0,2.88,3,-0.12,30.95,52.18,16.87,504,156,263,85
Las Vegas Challenge,2022 LVC Course Factory Men,17,322,289.0,2.88,3,-0.12,24.78,63.72,11.50,113,28,72,13
Portland Open,Glendoveer MPO - 2022 DGPT PDXO,12,370,337.0,2.88,3,-0.12,23.23,65.81,10.97,155,36,102,17
MVP Open at Maple Hill,DGPT Playoffs - 2022 MVP Open Golds,17,652,309.5,3.88,4,-0.12,37.14,42.45,20.41,245,91,104,50
LWS Open at Idlewild,LWS Open 2022 MPO,15,487,227.0,3.88,4,-0.12,31.23,53.68,15.09,285,89,153,43
Discraft Ledgestone Open,Eureka Temp,3,260,227.0,2.88,3,-0.12,36.36,41.15,22.49,209,76,86,47
Discraft Ledgestone Open,Eureka Temp,17,310,277.0,2.88,3,-0.12,50.24,21.05,28.71,209,105,44,60
Green Mountain Championship,DGPT Playoffs - Brewster MPO,7,575,271.0,3.88,4,-0.12,32.98,47.87,19.15,188,62,90,36
Green Mountain Championship,DGPT Playoffs - Fox Run MPO,4,629,298.0,3.88,4,-0.12,43.51,34.35,22.14,131,57,45,29
United States Disc Golf Championship,USDGC-Rd1&4,6,371,338.0,2.88,3,-0.12,42.19,34.38,23.44,192,81,66,45
United States Disc Golf Championship,USDGC-Rd2&3,4,304,271.0,2.88,3,-0.12,24.48,63.54,11.98,192,47,122,23
European Open,European Open 2022,6,328,295.0,2.88,3,-0.12,26.28,61.07,12.65,411,108,251,52
European Open,European Open 2022,13,614,290.5,3.88,4,-0.12,34.79,46.72,18.49,411,143,192,76
Discraft Great Lakes Open,Toboggan MPO,14,800,383.5,3.89,4,-0.11,18.42,75.15,6.43,342,63,257,22
United States Disc Golf Championship,USDGC-Rd1&4,15,539,253.0,3.89,4,-0.11,37.50,39.06,23.44,192,72,75,45
PDGA Professional Disc Golf World Championships,Jones MPO,7,704,335.5,3.89,4,-0.11,34.86,46.63,18.51,416,145,194,77
Jonesboro Open,MPO,10,360,327.0,2.89,3,-0.11,24.64,62.46,12.89,349,86,218,45
Champions Cup,Champions Cup Long MPO,7,744,355.5,3.89,4,-0.11,27.89,56.53,15.58,398,111,225,62
Portland Open,Glendoveer MPO - 2022 DGPT PDXO,3,370,337.0,2.89,3,-0.11,18.71,73.55,7.74,155,29,114,12
United States Disc Golf Championship,USDGC-Rd2&3,6,371,338.0,2.90,3,-0.10,44.79,29.17,26.04,192,86,56,50
Waco Annual Charity Open,Championship Layout MPO,14,303,270.0,2.90,3,-0.10,35.29,43.70,21.01,357,126,156,75
PDGA Professional Disc Golf World Championships,ECC MPO,5,675,321.0,3.91,4,-0.09,34.72,44.05,21.23,504,175,222,107
Las Vegas Challenge,2022 LVC Course Innova Men,17,457,424.0,2.91,3,-0.09,30.30,52.12,17.58,165,50,86,29
OTB Open,OTB Open AM - Blue,12,445,412.0,2.91,3,-0.09,17.97,73.22,8.81,295,53,216,26
Champions Cup,Champions Cup Long MPO,3,726,346.5,3.91,4,-0.09,23.12,63.32,13.57,398,92,252,54
Green Mountain Championship,DGPT Playoffs - Brewster MPO,4,550,258.5,3.91,4,-0.09,28.19,53.19,18.62,188,53,100,35
The Preserve Championship,Airborn Disc Golf Preserve - DGPT Black Bear MPO,7,1111,359.3,4.92,5,-0.08,35.31,43.44,21.25,320,113,139,68
The TruBank Des Moines Challenge,Pickard Gold,14,720,343.5,3.92,4,-0.08,26.91,56.37,16.71,353,95,199,59
United States Disc Golf Championship,USDGC-Rd1&4,4,304,271.0,2.92,3,-0.08,18.75,70.83,10.42,192,36,136,20
European Open,European Open 2022,4,610,288.5,3.92,4,-0.08,29.68,52.07,18.25,411,122,214,75
Las Vegas Challenge,2022 LVC Course Factory Men,9,417,384.0,2.92,3,-0.08,23.89,61.95,14.16,113,27,70,16
Texas State Disc Golf Championship,Thorn Long,7,300,267.0,2.92,3,-0.08,40.21,33.76,26.03,388,156,131,101
OTB Open,OTB Open AM - Blue,13,422,389.0,2.92,3,-0.08,18.31,72.88,8.81,295,54,215,26
Portland Open,Glendoveer MPO - 2022 DGPT PDXO,6,430,397.0,2.92,3,-0.08,17.42,74.19,8.39,155,27,115,13
Portland Open,2022 DGPT Portland Open - MPO,8,315,282.0,2.92,3,-0.08,42.27,26.82,30.91,220,93,59,68
Champions Cup,Champions Cup Long MPO,8,645,306.0,3.93,4,-0.07,24.37,59.80,15.83,398,97,238,63
Portland Open,Glendoveer MPO - 2022 DGPT PDXO,7,680,323.5,3.93,4,-0.07,24.52,61.29,14.19,155,38,95,22
United States Disc Golf Championship,USDGC-Rd1&4,16,391,358.0,2.93,3,-0.07,34.38,40.63,25.00,192,66,78,48
United States Disc Golf Championship,USDGC-Rd2&3,15,539,253.0,3.93,4,-0.07,35.42,41.67,22.92,192,68,80,44
Las Vegas Challenge,2022 LVC Course Factory Men,10,388,355.0,2.93,3,-0.07,23.89,61.06,15.04,113,27,69,17
Waco Annual Charity Open,Championship Layout MPO,10,591,279.0,3.93,4,-0.07,34.45,43.70,21.85,357,123,156,78
Texas State Disc Golf Championship,Thorn Long,2,741,354.0,3.93,4,-0.07,30.15,51.03,18.81,388,117,198,73
PDGA Professional Disc Golf World Championships,Jones MPO,8,423,390.0,2.94,3,-0.06,15.87,75.00,9.13,416,66,312,38
PDGA Professional Disc Golf World Championships,Jones MPO,10,724,345.5,3.94,4,-0.06,31.97,46.15,21.88,416,133,192,91
United States Disc Golf Championship,USDGC-Rd1&4,11,734,350.5,3.94,4,-0.06,44.27,26.56,29.17,192,85,51,56
LWS Open at Idlewild,LWS Open 2022 MPO,14,556,261.5,3.95,4,-0.05,32.98,45.96,21.05,285,94,131,60
Discraft Ledgestone Open,Eureka Temp,12,354,321.0,2.95,3,-0.05,40.19,33.49,26.32,209,84,70,55
The TruBank Des Moines Challenge,Pickard Gold,13,333,300.0,2.95,3,-0.05,25.50,58.64,15.86,353,90,207,56
European Open,European Open 2022,2,381,348.0,2.95,3,-0.05,28.47,52.55,18.98,411,117,216,78
Portland Open,Glendoveer MPO - 2022 DGPT PDXO,9,645,306.0,3.95,4,-0.05,27.74,55.48,16.77,155,43,86,26
Dynamic Discs Open,ECC - 2022 MPO,6,339,306.0,2.95,3,-0.05,35.48,38.06,26.45,155,55,59,41
OTB Open,OTB Open AM - Blue,16,399,366.0,2.95,3,-0.05,22.37,62.71,14.92,295,66,185,44
PDGA Professional Disc Golf World Championships,ECC MPO,2,745,356.0,3.96,4,-0.04,27.18,53.17,19.64,504,137,268,99
Las Vegas Challenge,2022 LVC Course Innova Men,8,427,394.0,2.96,3,-0.04,21.82,64.24,13.94,165,36,106,23
Discraft Ledgestone Open,Northwood Black,15,650,308.5,3.96,4,-0.04,34.71,40.55,24.74,291,101,118,72
Portland Open,2022 DGPT Portland Open - MPO,2,425,392.0,2.96,3,-0.04,27.27,51.36,21.36,220,60,113,47
MVP Open at Maple Hill,DGPT Playoffs - 2022 MVP Open Golds,11,782,374.5,3.96,4,-0.04,22.45,61.22,16.33,245,55,150,40
MVP Open at Maple Hill,DGPT Playoffs - 2022 MVP Open Golds,12,701,334.0,3.96,4,-0.04,25.31,57.55,17.14,245,62,141,42
Portland Open,Glendoveer MPO - 2022 DGPT PDXO,17,830,398.5,3.97,4,-0.03,18.71,67.10,14.19,155,29,104,22
Champions Cup,Champions Cup Long MPO,15,714,340.5,3.97,4,-0.03,21.36,62.81,15.83,398,85,250,63
Waco Annual Charity Open,Championship Layout MPO,4,441,204.0,3.97,4,-0.03,30.25,47.62,22.13,357,108,170,79
Texas State Disc Golf Championship,Thorn Long,8,564,265.5,3.97,4,-0.03,35.31,41.75,22.94,388,137,162,89
Dynamic Discs Open,Supreme 18 - 2022 MPO,9,423,390.0,2.97,3,-0.03,20.44,63.56,16.00,225,46,143,36
United States Disc Golf Championship,USDGC-Rd2&3,11,734,350.5,3.98,4,-0.02,34.38,40.63,25.00,192,66,78,48
The Preserve Championship,Airborn Disc Golf Preserve - DGPT Black Bear MPO,2,318,285.0,2.99,3,-0.01,21.88,63.75,14.38,320,70,204,46
The Preserve Championship,Airborn Disc Golf Preserve - DGPT Black Bear MPO,14,697,332.0,3.99,4,-0.01,32.50,42.50,25.00,320,104,136,80
Discraft Great Lakes Open,Toboggan MPO,5,480,447.0,2.99,3,-0.01,21.05,61.70,17.25,342,72,211,59
Discraft Great Lakes Open,Toboggan MPO,11,512,479.0,2.99,3,-0.01,12.57,76.90,10.53,342,43,263,36
Discraft Ledgestone Open,Northwood Black,10,400,367.0,2.99,3,-0.01,20.27,62.89,16.84,291,59,183,49
PDGA Professional Disc Golf World Championships,Jones MPO,15,396,363.0,2.99,3,-0.01,18.27,66.59,15.14,416,76,277,63
PDGA Professional Disc Golf World Championships,Jones MPO,18,789,378.0,3.99,4,-0.01,29.33,50.24,20.43,416,122,209,85
Texas State Disc Golf Championship,Thorn Long,12,435,402.0,2.99,3,-0.01,21.91,59.28,18.81,388,85,230,73
Dynamic Discs Open,Supreme 18 - 2022 MPO,4,668,317.5,3.99,4,-0.01,27.11,49.78,23.11,225,61,112,52
