W...1,L...2,East,Heya...4,Shusshin...5,Birth Date...6,Hatsu...7,University...8,Height/Weight...9,High...10,Career...11,Career Record...12,Prev...13,Prev W...14,Prev L...15,Next...16,Next W...17,Next L...18,Rank,West,Heya...21,Shusshin...22,Birth Date...23,Hatsu...24,University...25,Height/Weight...26,High...27,Career...28,Career Record...29,Prev...30,Prev W...31,Prev L...32,W...33,L...34,Next...35,Next W...36,Next L...37
0,0,Terunofuji,Isegahama,Mongolia,29.11.1991,2011.01,NA,191 cm 173 kg,Y,Y,493-257-139/741,Y1eYO,0,0,Y1e,14,1,YO,NA,NA,NA,NA,NA,NA,NA,NA,NA,NA,NA,NA,NA,NA,NA,NA,NA,NA
NA,NA,NA,NA,NA,NA,NA,NA,NA,NA,NA,NA,NA,NA,NA,NA,O,Takakeisho,Tokiwayama,Hyogo,05.08.1996,2014.09,NA,175 cm 183 kg,O,O,406-221-66/619,O1w,12,3,3,4,O1w,8,7,NA,NA
7,7,Wakatakakage,Arashio,Fukushima,06.12.1994,2017.03,Toyo University,180 cm 129 kg,S,S,272-186-41/456,S1e,9,6,K1w,0,0,S,Hoshoryu,Tatsunami,Mongolia,22.05.1999,2017.11,NA,186 cm 131 kg,S,S,227-156-2/380,S1w,8,7,10,5,S1w,11,4
12,3,Kiribayama,Michinoku,Mongolia,24.04.1996,2015.03,NA,187 cm 138 kg,S,S,307-207-15/513,K1e,11,4,S1e,11,4,S,NA,NA,NA,NA,NA,NA,NA,NA,NA,NA,NA,NA,NA,NA,NA,NA,NA,NA
11,4,Wakamotoharu,Arashio,Fukushima,05.10.1993,2011.11,NA,187 cm 143 kg,K,S,355-264-25/619,K2w,9,6,S2w,10,5,K,Kotonowaka,Sadogatake,Chiba,19.11.1997,2015.11,NA,188 cm 166 kg,K,K,278-200-14/475,K1w,8,7,9,6,K1e,8,7
12,3,Daieisho,Oitekaze,Saitama,10.11.1993,2012.01,NA,182 cm 161 kg,S,S,485-406-2/890,M1w,10,5,S2e,10,5,K,Tobizaru,Oitekaze,Tokyo,24.04.1992,2015.01,Nihon University,175 cm 131 kg,K,K,322-275-2/596,M1e,8,7,6,9,M3e,8,7
3,12,Tamawashi,Kataonami,Mongolia,16.11.1984,2004.01,NA,189 cm 168 kg,S,S,773-751-2/1523,M2w,9,6,M7w,7,8,M1,Shodai,Tokitsukaze,Kumamoto,05.11.1991,2014.03,Tokyo University of Agriculture,184 cm 170 kg,O,O,409-327-10/735,S2w,6,9,10,5,K2e,6,9
9,6,Abi,Shikoroyama,Saitama,04.05.1994,2013.05,NA,188 cm 149 kg,S,S,382-259-60/640,M3e,8,7,M1e,8,7,M2,Ryuden,Takadagawa,Yamanashi,10.11.1990,2006.03,NA,190 cm 148 kg,K,K,501-403-99/903,M5e,9,6,2,13,M10e,5,10
4,11,Mitakeumi,Dewanoumi,Nagano,25.12.1992,2015.03,Toyo University,179 cm 172 kg,O,O,408-298-13/703,M2e,7,8,M6w,9,6,M3,Nishikigi,Isenoumi,Iwate,25.08.1990,2006.03,NA,184 cm 169 kg,M2,M2,552-537-2/1088,M5w,9,6,6,9,M4w,9,6
4,5,Onosho,Onomatsu,Aomori,04.07.1996,2013.01,NA,177 cm 157 kg,K,K,426-357-36/779,M8e,10,5,M9e,8,7,M4,Meisei,Tatsunami,Kagoshima,24.07.1995,2011.05,NA,180 cm 151 kg,S,S,417-369-7/785,K2e,5,10,5,10,M6e,8,7
6,9,Kotoshoho,Sadogatake,Chiba,26.08.1999,2017.11,NA,191 cm 156 kg,M3,M3,206-171-15/374,M13e,11,4,M5w,2,10,M5,Midorifuji,Isegahama,Shizuoka,30.08.1996,2016.09,Kinki University,171 cm 114 kg,M1,M1,235-175-15/410,M3w,6,9,10,5,M1w,6,9
9,6,Endo,Oitekaze,Ishikawa,19.10.1990,2013.03,Nihon University,184 cm 148 kg,K,K,434-407-58/831,M9w,9,6,M2w,0,7,M6,Sadanoumi,Sakaigawa,Kumamoto,11.05.1987,2003.03,NA,182 cm 139 kg,M1,M1,662-661-22/1323,M4w,6,9,6,9,M8e,7,8
7,8,Hokutofuji,Hakkaku,Saitama,15.07.1992,2015.03,Nippon Sport Science University,185 cm 162 kg,K,K,358-292-14/647,M6e,7,8,M7e,6,9,M7,Takayasu,Tagonoura,Ibaraki,28.02.1990,2005.03,NA,187 cm 175 kg,O,O,686-526-129/1203,S2e,1,5,10,5,M2e,3,3
4,11,Ichiyamamoto,Hanaregoma,Hokkaido,01.10.1993,2017.01,Chuo University,187 cm 133 kg,M8,M8,210-159-26/367,M14e,10,5,M15e,4,11,M8,Ura,Kise,Osaka,22.06.1992,2015.03,Kwansei Gakuin University,175 cm 136 kg,M1,M1,289-168-95/454,M7w,7,8,9,6,M4e,7,8
6,9,Aoiyama,Kasugano,Bulgaria,19.06.1986,2009.05,NA,191 cm 188 kg,S,S,566-542-27/1106,M10e,8,7,M12e,5,10,M9,Hiradoumi,Sakaigawa,Nagasaki,20.04.2000,2016.03,NA,177 cm 129 kg,M9,M9,209-157-8/366,M10w,8,7,7,8,M9w,9,6
5,10,Myogiryu,Sakaigawa,Hyogo,22.10.1986,2009.05,Nippon Sport Science University,187 cm 155 kg,S,S,558-535-64/1088,M6w,6,9,M14w,9,6,M10,Nishikifuji,Isegahama,Aomori,22.07.1996,2016.09,Kinki University,183 cm 143 kg,M4,M3,220-171-10/390,M4e,4,11,10,5,M3w,3,12
4,11,Azumaryu,Tamanoi,Mongolia,12.05.1987,2008.11,Kyushu Institute of Information Sciences,191 cm 156 kg,M11,M11,518-500-34/1016,M14w,9,6,J2e,2,13,M11,Takanosho,Tokiwayama,Chiba,14.11.1994,2010.03,NA,184 cm 163 kg,S,S,433-353-17/783,M9e,6,9,8,7,M8w,7,8
5,10,Kagayaki,Takadagawa,Ishikawa,01.06.1994,2010.03,NA,193 cm 160 kg,M3,M3,475-472/947,M12e,7,8,M17e,7,8,M12,Takarafuji,Isegahama,Aomori,18.02.1987,2009.01,Kinki University,185 cm 166 kg,S,S,588-600/1188,M16e,8,7,8,7,M10w,5,10
8,7,Daishoho,Oitekaze,Mongolia,28.08.1994,2013.01,NA,184 cm 171 kg,M9,M9,348-310-2/657,J6w,12,3,M11w,6,9,M13,Kotoeko,Sadogatake,Miyazaki,20.11.1991,2007.03,NA,177 cm 131 kg,M4,M4,511-494-4/1004,M13w,7,8,8,7,M12w,8,7
11,4,Kinbozan,Kise,Kazakhstan,24.06.1997,2021.09,Nihon University,191 cm 165 kg,M14,M5,74-36/110,J5e,11,4,M5e,4,11,M14,Bushozan,Fujishima,Ibaraki,06.12.1995,2014.01,NA,172 cm 170 kg,M14,M14,265-229-3/493,J1w,9,6,5,10,J3e,10,5
9,6,Hokuseiho,Miyagino,Hokkaido,12.11.2001,2020.03,NA,200 cm 164 kg,M15,M11,110-45-35/154,J2e,9,6,M11e,8,7,M15,Oho,Otake,Tokyo,14.02.2000,2018.01,NA,191 cm 170 kg,M8,M8,190-139/328,M8w,4,11,7,8,M16w,11,4
9,6,Chiyoshoma,Kokonoe,Mongolia,20.07.1991,2009.05,NA,184 cm 137 kg,M2,M2,459-445-15/903,M11e,5,10,M13e,8,7,M16,Tsurugisho,Oitekaze,Tokyo,27.07.1991,2014.01,Nihon University,182 cm 191 kg,M7,M7,384-341-12/722,M15e,7,8,8,7,M15w,9,6
8,7,Mitoryu,Nishikido,Mongolia,25.04.1994,2017.03,Nihon University,187 cm 183 kg,M15,M15,250-235-23/481,M15w,7,8,M16e,5,10,M17,NA,NA,NA,NA,NA,NA,NA,NA,NA,NA,NA,NA,NA,NA,NA,NA,NA,NA
13,2,Asanoyama,Takasago,Toyama,01.03.1994,2016.03,Kinki University,187 cm 174 kg,O,O,312-156-89/466,J12w,14,1,M14e,12,3,J1,Tohakuryu,Tamanoi,Tokyo,17.04.1996,2019.05,Toyo University,181 cm 126 kg,J1,J1,145-132-11/276,J4e,9,6,7,8,J2w,4,11
3,12,Chiyonokuni,Kokonoe,Mie,10.07.1990,2006.05,NA,182 cm 144 kg,M1,M1,539-452-173/978,J7e,10,5,J9w,0,10,J2,Tochinoshin,Kasugano,Georgia,13.10.1987,2006.03,NA,192 cm 176 kg,O,O,681-609-106/1282,M11w,2,3,5,10,J5e,0,6
14,1,Ichinojo,Minato,Mongolia,07.04.1993,2013.11,NA,192 cm 198 kg,S,S,408-328-73/734,M7e,0,0,M13w,0,0,J3,Shonannoumi,Takadagawa,Kanagawa,08.04.1998,2014.03,NA,194 cm 162 kg,J3,J1,230-172/402,J13e,12,3,9,6,J1w,11,4
4,11,Chiyomaru,Kokonoe,Kagoshima,17.04.1991,2007.05,NA,178 cm 189 kg,M5,M5,547-535-40/1076,M16w,4,11,J10e,6,9,J4,Oshoma,Naruto,Mongolia,09.04.1997,2021.09,Nippon Sport Science University,187 cm 150 kg,J3,J3,65-46-7/111,J3w,7,8,8,7,J4e,7,8
8,7,Roga,Futagoyama,Russia,02.03.1999,2018.09,NA,184 cm 143 kg,J5,J4,132-82/214,J9e,9,6,J4w,9,6,J5,Enho,Miyagino,Ishikawa,18.10.1994,2017.03,Kanazawa Gakuin University,169 cm 92 kg,M4,M4,228-221-35/447,J4w,7,8,9,6,J3w,0,10
11,4,Gonoyama,Takekuma,Osaka,07.04.1998,2021.03,Chuo University,176 cm 155 kg,J6,J1,96-48-2/143,J10e,9,6,J1e,14,1,J6,Daiamami,Oitekaze,Kagoshima,15.12.1992,2016.01,Nihon University,183 cm 182 kg,M11,M11,303-305-4/606,J2w,5,10,6,9,J9e,7,8
8,7,Akua,Tatsunami,Ibaraki,06.11.1990,2010.11,NA,184 cm 168 kg,M10,M10,357-335-3/691,J1e,3,12,J5w,5,10,J7,Shimazuumi,Hanaregoma,Kagoshima,18.05.1996,2012.03,NA,174 cm 149 kg,J7,J6,279-215-34/493,J11w,9,6,8,7,J6w,8,7
6,9,Hidenoumi,Kise,Tokyo,11.06.1989,2012.05,Nihon University,185 cm 156 kg,M6,M6,432-413-18/843,J9w,8,7,J11e,6,9,J8,Atamifuji,Isegahama,Shizuoka,03.09.2002,2020.11,NA,185 cm 166 kg,M15,M15,101-64-4/164,J3e,3,8,8,7,J8e,13,2
4,11,Tsushimanada,Sakaigawa,Nagasaki,27.06.1993,2016.05,Nihon University,184 cm 136 kg,J9,J9,175-118-21/292,J14e,9,6,J14w,8,7,J9,Hakuyozan,Takadagawa,Yamagata,13.04.1995,2011.05,NA,186 cm 167 kg,J3,J3,339-279-47/616,J14w,9,6,9,6,J6e,6,8
4,11,Kotokuzan,Arashio,Kanagawa,11.03.1994,2009.09,NA,181 cm 157 kg,M16,M16,320-308-12/628,J5w,4,11,Ms2e,3,4,J10,Churanoumi,Kise,Okinawa,06.05.1993,2016.03,Nihon University,176 cm 130 kg,J2,J2,236-225-1/460,J6e,4,11,9,6,J7w,7,8
5,10,Shimanoumi,Kise,Mie,11.07.1989,2012.05,Kinki University,179 cm 160 kg,M3,M3,356-314-41/668,J8e,5,10,J13w,8,7,J11,Kitanowaka,Hakkaku,Yamagata,12.11.2000,2019.03,NA,190 cm 146 kg,J5,J5,137-98-5/234,J8w,5,10,8,7,J10w,8,7
4,11,Tochimusashi,Kasugano,Saitama,11.01.1999,2021.03,Chuo University,182 cm 156 kg,J7,J7,76-54/130,J7w,4,11,Ms4e,4,3,J12,Takakento,Tokiwayama,Kumamoto,10.02.1996,2014.01,NA,178 cm 160 kg,J4,J4,250-220-3/470,J12e,7,8,10,5,J7e,6,9
8,7,Tamashoho,Kataonami,Mongolia,06.03.1993,2011.07,NA,188 cm 121 kg,J13,J11,267-232/498,Ms1e,4,3,J11w,9,6,J13,Tomokaze,Nishonoseki,Kanagawa,02.12.1994,2017.05,Nippon Sport Science University,185 cm 181 kg,M3,M3,173-90-70/262,Ms2e,4,3,8,7,J12e,8,7
4,11,Tokushoryu,Kise,Nara,22.08.1986,2009.01,Kinki University,183 cm 192 kg,M2,M2,552-564/1116,Ms2w,4,3,Ms6w,2,5,J14,Ochiai,Miyagino,Tottori,22.08.2003,2023.01,NA,179 cm 156 kg,J14,J8,31-6/37,Ms15TD,7,0,10,5,J8w,14,1
3,5,Tsukahara,Kasugano,Saitama,12.10.1999,2017.11,NA,193 cm 153 kg,Ms1,Ms1,129-96/225,Ms5e,5,2,Ms10w,4,3,Ms1,Terutsuyoshi,Isegahama,Hyogo,17.01.1995,2010.03,NA,169 cm 114 kg,M3,M3,414-405/819,J10w,5,10,3,4,Ms5w,2,5
4,3,Fujiseiun,Fujishima,Kumamoto,05.12.1997,2021.03,Meiji University,178 cm 118 kg,Ms2,J13,67-32/99,Ms5w,5,2,J13e,9,6,Ms2,Chiyosakae,Kokonoe,Kyoto,12.07.1990,2009.01,NA,180 cm 159 kg,J10,J10,329-289-10/615,J11e,5,10,5,2,J12w,8,7
4,3,Tokihayate,Tokitsukaze,Miyagi,25.08.1996,2019.03,Tokyo University of Agriculture,178 cm 118 kg,Ms3,J14,106-67-3/172,Ms6w,5,2,J14e,6,9,Ms3,Kawazoe,Miyagino,Kumamoto,10.04.1999,2022.09,Nihon University,166 cm 110 kg,Ms3,Ms1,23-12/35,Ms7e,5,2,4,3,Ms1w,5,2
2,5,Mineyaiba,Shikoroyama,Saitama,26.03.1999,2019.03,Tokyo University of Agriculture,188 cm 145 kg,Ms4,Ms4,99-56-13/154,Ms17e,6,1,Ms12w,4,3,Ms4,Kaisho,Asakayama,Aichi,28.01.1995,2013.03,NA,182 cm 155 kg,J2,J2,258-235-23/491,J13w,5,10,3,4,Ms9w,4,3
4,3,Chiyonoumi,Kokonoe,Kochi,11.01.1993,2015.05,Nippon Sport Science University,182 cm 135 kg,J8,J8,220-176-45/395,Ms7w,4,3,Ms3w,4,3,Ms5,Tochikamiyama,Kasugano,Saitama,11.01.2001,2019.01,NA,179 cm 152 kg,Ms3,Ms3,100-75/175,Ms3w,3,4,2,5,Ms15e,2,5
6,1,Shiden,Kise,Tokyo,24.12.1991,2014.03,Nihon University,176 cm 151 kg,J12,J12,216-147-23/362,Ms4e,3,4,Ms1e,4,3,Ms6,Hayatefuji,Isegahama,Shizuoka,06.12.2001,2020.01,NA,168 cm 122 kg,Ms6,Ms4,81-52/133,Ms23e,6,1,4,3,Ms4w,3,4
1,6,Chiyoarashi,Kokonoe,Chiba,12.07.1991,2007.03,NA,177 cm 145 kg,J10,J10,359-284-71/641,Ms9e,4,3,Ms29e,4,3,Ms7,Ishizaki,Takasago,Osaka,24.09.1998,2021.05,Nippon Sport Science University,176 cm 120 kg,Ms1,Ms1,56-32-3/88,Ms1w,2,5,3,4,Ms11e,5,2
4,3,Mukainakano,Miyagino,Mie,07.09.2002,2021.05,NA,180 cm 171 kg,Ms8,Ms6,54-23-7/77,Ms13w,5,2,Ms6e,4,3,Ms8,Yago,Oshiogawa,Hokkaido,08.07.1994,2017.05,Chuo University,187 cm 175 kg,M10,M10,212-233/445,Ms11e,4,3,2,5,Ms17w,4,3
3,4,Tochimaru,Kasugano,Tokyo,26.08.1992,2011.05,NA,172 cm 148 kg,J11,J11,276-234-11/507,Ms11w,4,3,Ms16w,3,4,Ms9,Yuma,Onomatsu,Osaka,13.06.1998,2014.03,NA,178 cm 118 kg,Ms9,Ms5,185-130-49/315,Ms12w,4,3,5,2,Ms5e,5,2
4,3,Akiseyama,Kise,Aichi,18.07.1985,2008.01,Nihon University,182 cm 183 kg,M12,M12,467-471-29/937,Ms13e,4,3,Ms7w,2,5,Ms10,Kamito,Tatsunami,Nagasaki,19.08.1995,2017.03,NA,176 cm 128 kg,Ms4,Ms4,138-113-1/251,Ms4w,2,5,4,3,Ms8e,3,4
5,2,Dewanoryu,Dewanoumi,Mongolia,07.03.2001,2019.09,NA,179 cm 143 kg,Ms3,Ms3,84-46-10/129,Ms6e,3,4,Ms7e,2,5,Ms11,Hatsuyama,Tamanoi,Tokyo,05.11.1999,2022.03,Toyo University,190 cm 140 kg,Ms11,Ms11,36-19-1/54,Ms33e,6,1,2,5,Ms25e,4,3
6,1,Shishi,Ikazuchi,Ukraine,16.01.1997,2020.01,NA,191 cm 159 kg,Ms7,Ms2,82-42-2/123,Ms20e,5,2,Ms2w,6,1,Ms12,Tochiseiryu,Kasugano,Gifu,26.04.1995,2014.03,NA,174 cm 133 kg,Ms7,Ms7,202-173-3/375,Ms8e,3,4,1,3,Ms35w,2,5
2,5,Tanabe,Kise,Gifu,12.05.1994,2017.03,Kanazawa Gakuin University,190 cm 130 kg,Ms8,Ms8,138-107-7/245,Ms8w,3,4,Ms26e,3,4,Ms13,Kiryuko,Tatsunami,Chiba,31.10.2002,2021.05,NA,175 cm 130 kg,Ms13,Ms13,57-27/84,Ms17w,4,3,2,5,Ms26w,7,0
3,4,Hitoshi,Oitekaze,Tokyo,14.08.1997,2021.05,Nihon University,181 cm 139 kg,Ms14,Ms14,48-15-21/63,Ms18e,4,3,Ms18w,5,2,Ms14,Miyagi,Nishonoseki,Okinawa,30.01.1999,2021.05,Nippon Sport Science University,170 cm 94 kg,Ms14,Ms11,55-29/84,Ms24e,5,2,4,3,Ms11w,3,4
5,2,Kanzaki,Takekuma,Hyogo,24.07.1999,2022.03,Kinki University,192 cm 148 kg,Ms15,Ms8,37-19/56,Ms25e,5,2,Ms8w,3,4,Ms15,Nishinoryu,Sakaigawa,Osaka,20.08.2000,2018.11,NA,180 cm 120 kg,Ms13,Ms10,104-78/182,Ms25w,5,2,5,2,Ms10e,3,4
3,4,Daiseiryu (Daiseido),Kise,Aomori,30.12.1992,2011.05,NA,179 cm 148 kg,J12,J12,268-246-7/514,Ms10w,3,4,Ms22w,0,7,Ms16,Kazekeno,Oshiogawa,Ehime,04.06.1999,2022.03,Chuo University,183 cm 147 kg,Ms16,Ms13,39-10/49,Ms40w,6,1,4,3,Ms13w,5,2
4,3,Chiyonoo,Kokonoe,Kagoshima,29.05.1991,2010.03,NA,180 cm 149 kg,M14,M14,426-417-40/839,Ms3e,1,6,Ms14w,5,2,Ms17,Kototebakari,Sadogatake,Chiba,08.07.2003,2022.01,NA,182 cm 121 kg,Ms17,Ms17,40-15-1/54,Ms22w,4,3,3,4,Ms23e,4,3
4,3,Tokunomusashi,Musashigawa,Kagoshima,25.07.2000,2016.05,NA,192 cm 136 kg,Ms18,Ms16,141-114-18/254,Ms23w,4,3,Ms16e,3,4,Ms18,Setonoumi,Takadagawa,Hiroshima,11.06.2004,2020.03,NA,179 cm 108 kg,Ms15,Ms15,66-40-20/106,Ms15e,3,4,3,4,Ms24e,2,5
5,2,Yoshii,Tokitsukaze,Shizuoka,01.08.2003,2019.03,NA,178 cm 152 kg,Ms3,Ms3,93-68-7/161,Ms15w,3,4,Ms12e,2,5,Ms19,Higonoumi,Kise,Kumamoto,17.08.1999,2015.03,NA,180 cm 139 kg,Ms19,Ms19,162-116-58/278,Ms32w,5,2,2,4,Ms34w,0,0
5,2,Kotoozutsu,Sadogatake,Miyazaki,25.04.1997,2016.03,NA,175 cm 157 kg,Ms8,Ms8,143-108-15/250,Ms49w,6,1,Ms14e,4,3,Ms20,Wakatakamoto,Arashio,Fukushima,29.12.1991,2009.11,NA,183 cm 123 kg,Ms7,Ms7,291-239-23/530,Ms26w,4,3,3,4,Ms29w,5,2
3,4,Tochikodai,Kasugano,Shizuoka,09.01.1999,2017.03,NA,177 cm 117 kg,Ms9,Ms9,134-115-3/249,Ms9w,2,5,Ms32w,4,3,Ms21,Otsuji,Takadagawa,Hyogo,06.10.2003,2019.03,NA,180 cm 129 kg,Ms8,Ms8,92-61-15/152,Ms10e,2,5,4,3,Ms18e,5,2
2,5,Mudoho,Otake,Tokyo,18.09.2001,2019.11,NA,183 cm 141 kg,Ms20,Ms20,79-56-5/134,Ms35e,5,2,Ms38w,5,2,Ms22,Kotoyusho,Sadogatake,Nara,14.05.1994,2016.03,NA,181 cm 132 kg,J13,J13,157-152-1/308,Ms28e,4,3,4,3,Ms19w,1,6
1,6,Arauma,Isenoumi,Mongolia,26.10.1996,2020.09,Doshisha University,181 cm 134 kg,Ms23,Ms23,62-43/104,Ms36w,5,2,Ms48w,4,3,Ms23,Tochinobori,Kasugano,Ishikawa,01.09.1993,2009.03,NA,184 cm 142 kg,Ms12,Ms12,298-278-5/575,Ms29w,4,3,4,3,Ms20e,3,4
4,3,Kitadaichi,Tatsunami,Hokkaido,08.07.1998,2014.03,NA,170 cm 127 kg,Ms16,Ms16,196-182/378,Ms16w,3,4,Ms20w,3,4,Ms24,Nabatame,Futagoyama,Tochigi,22.02.2002,2020.01,NA,176 cm 149 kg,Ms20,Ms9,80-48-5/128,Ms30e,4,3,6,1,Ms9e,3,4
2,5,Daishomaru,Oitekaze,Osaka,10.07.1991,2014.03,Nihon University,174 cm 153 kg,M5,M5,341-371-1/712,Ms12e,2,5,Ms42e,6,1,Ms25,Hokutenkai,Onoe,Mongolia,02.02.1999,2019.05,NA,180 cm 126 kg,Ms5,Ms5,84-56-14/140,Ms39e,5,2,3,4,Ms34e,4,3
7,0,Ryuo,Nishonoseki,Akita,16.11.1993,2012.01,NA,184 cm 131 kg,Ms16,Ms3,239-216-15/452,Ms30w,4,3,Ms3e,1,7,Ms26,Hatooka,Kise,Kanagawa,23.02.1994,2016.03,Takushoku University,185 cm 159 kg,Ms14,Ms14,145-74-75/218,Ms55w,6,1,3,4,Ms37e,3,4
1,6,Akitoba,Minato,Aichi,02.08.1999,2015.03,NA,174 cm 121 kg,Ms27,Ms27,165-143-28/308,Ms33w,4,3,Sd1e,3,4,Ms27,Kayo,Nishonoseki,Okinawa,14.07.1999,2022.05,Nippon Sport Science University,169 cm 146 kg,Ms18,Ms18,32-17/49,Ms18w,3,4,5,2,Ms19e,2,5
3,4,Kotodaigo,Sadogatake,Oita,14.01.1993,2011.05,NA,188 cm 135 kg,Ms1,Ms1,257-192-48/448,Ms19e,3,4,Ms37w,3,4,Ms28,Fujinoyama (Suzuki),Fujishima,Shizuoka,26.07.2000,2019.01,NA,181 cm 136 kg,Ms11,Ms11,99-76/175,Ms43e,5,2,4,3,Ms23w,5,2
5,2,Narutaki,Isenoumi,Kyoto,13.11.1998,2016.11,NA,176 cm 125 kg,Ms18,Ms18,143-113-10/254,Ms22e,3,4,Ms21w,3,4,Ms29,Oshoumi,Naruto,Ishikawa,12.05.2001,2020.03,NA,184 cm 127 kg,Ms7,Ms7,73-25-28/95,Ms45w,5,2,5,2,Ms22e,4,3
3,4,Osanai,Takasago,Aomori,01.03.1999,2021.03,Kinki University,174 cm 122 kg,Ms10,Ms10,55-36/91,Ms38e,4,3,Ms39e,4,3,Ms30,Akinoyama,Takadagawa,Hiroshima,30.11.1992,2008.03,NA,178 cm 205 kg,Ms13,Ms13,323-295-5/617,Ms48w,5,2,2,5,Ms45w,4,3
3,4,Fujiazuma,Tamanoi,Tokyo,19.04.1987,2003.03,NA,181 cm 165 kg,M4,M4,550-556-31/1105,Ms40e,4,3,Ms40w,1,6,Ms31,Nihonyanagi,Onomatsu,Tokyo,31.05.2000,2019.11,NA,177 cm 155 kg,Ms23,Ms23,78-57-5/135,Ms24w,3,4,1,6,Sd4w,5,2
3,4,Kazuto,Tatsunami,Kanagawa,13.12.2003,2022.05,NA,175 cm 116 kg,Ms32,Ms32,31-11/42,Ms41w,4,3,Ms43w,5,2,Ms32,Asagyokusei,Takasago,Mie,29.05.1993,2016.01,Kinki University,180 cm 138 kg,J12,J12,174-153/327,Ms52e,5,2,2,5,Ms46w,5,2
4,3,Tosamidori,Onomatsu,Kochi,11.05.1996,2015.07,NA,181 cm 147 kg,Ms11,Ms11,138-83-73/221,Ms42w,4,3,Ms27e,1,6,Ms33,Takahashi,Nishonoseki,Fukushima,25.05.1999,2022.05,Nippon Sport Science University,184 cm 143 kg,Ms33,Ms13,36-6/42,Ms54w,5,2,6,1,Ms13e,6,1
4,3,Kitaharima,Yamahibiki,Hyogo,28.07.1986,2002.03,NA,182 cm 126 kg,M15,M15,539-537-7/1076,Ms45e,4,3,Ms28e,2,5,Ms34,Hokaho,Miyagino,Saitama,21.06.1989,2007.03,NA,184 cm 152 kg,Ms3,Ms3,347-305-14/652,Ms27e,3,4,4,3,Ms28w,5,2
3,4,Dainichido,Michinoku,Tochigi,19.02.1993,2015.01,NA,178 cm 130 kg,Ms35,Ms35,173-170/343,Ms56e,5,2,Ms45e,3,4,Ms35,Omoto,Ikazuchi,Okayama,23.11.1992,2015.01,Ritsumeikan University,178 cm 158 kg,Ms13,Ms13,181-131-31/311,Ms27w,3,4,2,5,Ms53e,6,1
5,2,Tsurubayashi,Kise,Kumamoto,31.12.1993,2009.03,NA,180 cm 138 kg,Ms6,Ms6,311-269-1/579,Ms47e,4,3,Ms24w,5,2,Ms36,Tanakayama,Sakaigawa,Niigata,24.01.2002,2018.05,NA,183 cm 122 kg,Ms36,Ms30,111-92/203,Ms60w,5,2,4,3,Ms30e,2,5
4,3,Chiyooga,Kokonoe,Osaka,19.01.2000,2018.03,NA,173 cm 121 kg,Ms27,Ms27,109-89-12/197,Ms47w,4,3,Ms31w,3,3,Ms37,Wakanosho,Tokiwayama,Tochigi,22.08.2003,2022.01,NA,178 cm 126 kg,Ms37,Ms25,39-17/56,Sd13e,6,1,5,2,Ms25w,3,4
3,4,Kotoryusei,Sadogatake,Saga,29.06.1996,2012.03,NA,168 cm 120 kg,Ms38,Ms38,219-197-25/413,Ms48e,4,3,Ms48e,3,4,Ms38,Hayanami (Wayama),Musashigawa,Iwate,19.12.1997,2016.01,NA,188 cm 125 kg,Ms32,Ms32,155-144-2/299,Sd14w,6,1,1,6,Sd11w,4,3
0,7,Tomiyutaka,Tokitsukaze,Toyama,08.07.2000,2019.03,NA,179 cm 136 kg,Ms39,Ms39,86-75-7/160,Sd3e,5,2,Sd17w,3,4,Ms39,Chiyonokatsu,Kokonoe,Okinawa,13.04.1994,2013.03,NA,177 cm 129 kg,Ms20,Ms20,208-181-31/388,Ms20w,2,5,4,3,Ms33e,3,4
5,2,Asakoki,Takasago,Hyogo,19.12.1990,2009.03,NA,187 cm 129 kg,Ms11,Ms11,289-279-13/568,Ms50w,4,3,Ms27w,4,3,Ms40,Fukai,Takasago,Ishikawa,10.09.1997,2020.03,Toyo University,181 cm 134 kg,Ms4,Ms4,76-56-1/131,Ms21w,2,5,6,1,Ms17e,4,3
4,3,Chiyotora,Kokonoe,Saga,15.04.2003,2019.05,NA,176 cm 128 kg,Ms14,Ms14,88-66-7/154,Ms14e,1,6,Ms35e,3,4,Ms41,Hoshuzan,Naruto,Chiba,09.08.1997,2020.07,Nippon Sport Science University,174 cm 166 kg,Ms35,Ms35,68-48-3/116,Sd5e,5,2,3,4,Ms49w,5,2
2,5,Hanafusa,Nishonoseki,Tokyo,15.04.2003,2022.01,NA,174 cm 123 kg,Ms42,Ms42,38-18/56,Sd19e,6,1,Sd4e,5,2,Ms42,Toshoyama,Tamanoi,Chiba,07.01.1998,2013.03,NA,181 cm 153 kg,Ms42,Ms36,204-208-8/411,Sd6w,5,2,4,3,Ms36e,2,5
3,4,Nionoumi,Yamahibiki,Shiga,16.12.1986,2002.03,NA,171 cm 153 kg,M16,M16,492-473-14/965,Ms52w,4,3,Ms57w,3,4,Ms43,Kairyu,Dewanoumi,Wakayama,01.03.1990,2005.03,NA,178 cm 147 kg,Ms2,Ms2,390-350-10/739,Ms29e,3,4,5,2,Ms30w,4,3
3,4,Okinohama,Hakkaku,Shimane,25.06.1997,2013.03,NA,181 cm 158 kg,Ms31,Ms31,215-187-18/401,Ms53w,4,3,Ms58e,5,2,Ms44,Kotodairyu,Sadogatake,Fukuoka,15.08.1993,2009.03,NA,177 cm 114 kg,Ms20,Ms20,296-284-1/579,Ms31w,3,4,3,4,Ms58w,4,3
4,3,Asanowaka,Takasago,Niigata,22.06.1995,2018.03,Toyo University,183 cm 126 kg,J4,J4,121-91-25/211,Ms34w,3,4,Ms38e,3,4,Ms45,Onojo,Takadagawa,Fukuoka,31.01.1996,2011.05,NA,182 cm 143 kg,Ms23,Ms23,254-230-13/484,Ms36e,3,4,3,4,Ms59e,5,2
3,4,Nobehara,Futagoyama,Osaka,09.06.2002,2021.05,NA,179 cm 137 kg,Ms24,Ms24,51-28-5/78,Ms37w,3,4,Sd2w,4,3,Ms46,Hokutomaru,Hakkaku,Mongolia,09.01.2000,2018.09,NA,189 cm 118 kg,Ms26,Ms26,103-79/182,Ms26e,2,5,5,2,Ms33w,3,4
4,3,Toseiryu,Tamanoi,Fukuoka,05.07.1999,2022.01,Kyushu Institute of Information Sciences,184 cm 134 kg,Ms47,Ms40,37-18-1/54,Ms58e,4,3,Ms40e,4,3,Ms47,Okinofuji,Hakkaku,Shimane,26.01.1988,2006.03,NA,180 cm 172 kg,Ms11,Ms11,363-344/707,Sd12e,5,2,2,5,Sd8w,2,5
2,5,Asabenkei,Takasago,Kanagawa,12.02.1989,2007.03,NA,190 cm 183 kg,J7,J7,368-340-21/704,Sd31e,6,1,Sd9w,4,3,Ms48,Kototsubasa,Sadogatake,Aichi,23.02.1992,2007.03,NA,177 cm 123 kg,Ms13,Ms13,329-333-3/660,Ms31e,2,5,4,3,Ms41w,4,3
3,4,Chiyoraizan,Kokonoe,Wakayama,21.06.1987,2006.03,NA,191 cm 151 kg,Ms34,Ms34,343-325-39/665,Ms60e,4,3,Sd3w,2,5,Ms49,Asonoyama,Sakaigawa,Kumamoto,09.11.1999,2018.01,NA,175 cm 152 kg,Ms14,Ms14,116-83-18/198,Ms14w,0,5,4,3,Ms42w,4,3
6,1,Kaizen,Asakayama,Kagoshima,29.07.1993,2016.01,NA,177 cm 136 kg,Ms31,Ms21,153-127-21/279,Sd74w,7,0,Ms21e,3,4,Ms50,Fujinowaka,Fujishima,Tokyo,27.09.1994,2010.05,NA,176 cm 139 kg,Ms50,Ms50,260-265-7/525,Sd1w,4,3,1,6,Sd27e,3,4
3,4,Kotokenryu,Sadogatake,Mongolia,19.01.2004,2021.11,NA,182 cm 133 kg,Ms51,Ms51,38-17-1/54,Sd35w,6,1,Sd6e,5,2,Ms51,Ryusei,Isenoumi,Tokyo,17.07.1986,2003.03,NA,183 cm 145 kg,Ms4,Ms4,423-404-7/825,Ms42e,3,4,5,2,Ms36w,5,2
4,3,Tendozan (Shinohara),Fujishima,Shizuoka,01.12.2001,2020.01,NA,179 cm 146 kg,Ms29,Ms29,74-45-14/119,Sd37w,6,1,Ms44w,4,3,Ms52,Chiyodaigo,Kokonoe,Hyogo,28.02.1998,2016.07,NA,186 cm 134 kg,Ms34,Ms34,133-83-64/214,Sd17w,5,2,2,2,Sd17e,0,0
3,4,Dewataikai,Dewanoumi,Okinawa,12.11.1996,2012.03,NA,183 cm 121 kg,Ms29,Ms29,211-191-46/399,Ms43w,3,4,Sd6w,3,4,Ms53,Shuji,Kise,Nara,24.10.1995,2014.03,NA,176 cm 133 kg,Ms34,Ms34,174-143-61/315,Sd4w,4,3,2,5,Sd19e,3,4
4,3,Ohata,Tokitsukaze,Miyagi,24.10.1996,2014.11,NA,186 cm 145 kg,Ms31,Ms31,179-171/350,Ms44e,3,4,Ms46e,2,5,Ms54,Hamayutaka,Tokitsukaze,Kanagawa,17.11.1995,2011.05,NA,182 cm 149 kg,Ms8,Ms8,251-246/496,Ms19w,0,7,2,5,Sd19w,3,4
3,4,Sadanohikari,Sakaigawa,Mongolia,31.12.1995,2014.03,NA,188 cm 131 kg,Ms29,Ms29,183-168-20/350,Ms44w,3,4,Sd8e,3,4,Ms55,Dewanojo,Dewanoumi,Tochigi,14.12.1993,2012.03,NA,190 cm 258 kg,Ms44,Ms44,224-222-16/442,Sd6e,4,3,4,3,Ms47w,1,6
5,2,Ienoshima,Yamahibiki,Hyogo,22.08.2003,2019.03,NA,176 cm 142 kg,Ms56,Ms39,86-72-10/158,Sd20e,5,2,Ms39w,1,3,Ms56,Oki,Shikoroyama,Niigata,12.06.1996,2013.07,NA,185 cm 158 kg,J13,J13,209-186-20/395,Ms16e,0,1,0,0,Sd36w,0,0
4,3,Otani,Miyagino,Okinawa,25.12.1999,2022.07,Nihon University,184 cm 188 kg,Ms57,Ms49,28-7/35,Sd44w,6,1,Ms49e,5,2,Ms57,Hokutoryu,Hakkaku,Hokkaido,03.01.1998,2016.03,NA,181 cm 126 kg,Ms48,Ms48,146-129-19/272,Sd8w,4,3,2,5,Sd22e,3,1
3,4,Daishoryu (Moji),Yamahibiki,Hyogo,03.11.2002,2021.03,NA,175 cm 107 kg,Ms42,Ms42,56-35/91,Sd9e,4,3,Sd14e,6,1,Ms58,Sasakiyama,Kise,Akita,12.06.1991,2010.01,NA,183 cm 130 kg,Ms13,Ms13,279-238-29/516,Ms34e,2,5,2,5,Sd24w,4,3
5,2,Raiho,Miyagino,Shizuoka,21.05.1997,2021.07,Nippon Sport Science University,172 cm 90 kg,Ms55,Ms43,45-25-7/70,Sd9w,4,3,Ms43e,3,4,Ms59,Kainoshima,Fujishima,Kagoshima,23.03.1995,2017.03,Senshu University,174 cm 106 kg,Ms9,Ms9,134-113-5/247,Ms35w,2,5,4,3,Ms50w,3,4
5,2,Seigo,Shikoroyama,Osaka,25.12.1998,2017.03,NA,176 cm 157 kg,Ms32,Ms32,131-97-24/227,Sd23w,5,2,Ms44e,2,5,Ms60,Onokura,Miyagino,Fukuoka,09.06.1998,2014.03,NA,170 cm 167 kg,Ms48,Ms48,183-180-15/363,Sd11w,4,3,3,4,Sd15e,2,5
1,6,Kototakuya,Sadogatake,Akita,01.10.2002,2018.03,NA,177 cm 107 kg,Ms58,Ms58,107-102-1/208,Sd26e,5,2,Sd38w,4,3,Sd1,Maikeru,Futagoyama,Fukui,15.07.1998,2017.09,NA,177 cm 136 kg,Ms29,Ms29,124-107/231,Ms46w,3,4,4,3,Ms52e,3,4
3,4,Taiyo,Onoe,Kumamoto,18.05.2001,2020.01,NA,167 cm 106 kg,Ms44,Ms44,65-48-20/112,Sd13w,4,3,Sd21e,4,3,Sd2,Naya,Otake,Tokyo,10.01.1998,2020.03,Chuo University,185 cm 150 kg,Ms40,Ms40,71-55/126,Sd14e,4,3,2,5,Sd32e,5,2
2,5,Wakamiyabi,Futagoyama,Kanagawa,20.06.2003,2022.03,NA,183 cm 149 kg,Sd3,Sd3,31-18/49,Sd30e,5,2,Sd33w,4,3,Sd3,Yuki,Michinoku,Miyazaki,07.09.1989,2005.03,NA,183 cm 139 kg,Ms20,Ms20,363-380-6/742,Ms49e,3,4,4,3,Ms54e,2,5
6,1,Oyamatoumi,Yamahibiki,Saitama,25.06.1999,2015.03,NA,179 cm 124 kg,Ms28,Ms28,174-155-7/328,Ms39w,2,5,Ms31e,4,3,Sd4,Kotohaguro,Sadogatake,Yamagata,17.01.2003,2018.03,NA,183 cm 127 kg,Ms25,Ms25,110-99-1/207,Ms32e,1,6,3,4,Sd21w,5,2
4,3,Denuma,Futagoyama,Kanagawa,07.02.2001,2019.03,NA,176 cm 153 kg,Ms55,Ms55,91-73-4/164,Sd17e,4,3,Ms55w,2,5,Sd5,Daikisho,Oitekaze,Kagawa,18.08.2000,2019.01,NA,182 cm 145 kg,Ms24,Ms24,96-79/174,Ms50e,3,4,4,3,Ms56w,4,3
3,4,Awanokuni,Takadagawa,Chiba,18.05.2000,2019.01,NA,178 cm 161 kg,Ms41,Ms41,95-80/175,Ms41e,2,5,Sd25e,4,3,Sd6,Oginohama (Aomihama),Dewanoumi,Kanagawa,27.10.1994,2010.03,NA,180 cm 148 kg,Ms25,Ms25,265-233-41/497,Ms53e,3,4,6,1,Ms32e,2,5
3,4,Tokinohira (Tsushida),Tokitsukaze,Iwate,08.04.1999,2018.05,NA,180 cm 136 kg,Ms32,Ms32,109-94/203,Ms54e,3,4,Sd28e,2,5,Sd7,Wakazakura (Kawamoto),Kasugano,Kyoto,04.04.1995,2018.03,Takushoku University,181 cm 140 kg,Ms23,Ms23,109-94-7/203,Ms46e,2,5,2,5,Sd36e,3,4
5,2,Obara (Kaiyudai),Asakayama,Kanagawa,06.07.1999,2015.03,NA,190 cm 156 kg,Ms32,Ms32,175-139-22/312,Sd22w,4,1,Ms50e,6,1,Sd8,Fujitoshi,Fujishima,Saitama,23.11.1998,2021.03,Takushoku University,168 cm 118 kg,Ms19,Ms19,54-29-8/82,Ms28w,0,0,5,2,Ms51e,2,4
2,5,Harunishiki,Asahiyama,Ibaraki,17.07.2000,2017.09,NA,179 cm 106 kg,Sd9,Sd9,114-116-1/230,Sd23e,4,3,Sd38e,3,4,Sd9,Shohoryu,Tokitsukaze,Akita,12.10.1996,2014.09,NA,172 cm 139 kg,Ms3,Ms3,187-162-8/348,Ms37e,1,6,3,4,Sd28w,0,0
3,4,Kotonofuji,Sadogatake,Yamagata,24.01.2002,2017.03,NA,178 cm 125 kg,Sd9,Sd9,131-120-1/250,Sd34w,5,2,Sd29w,4,3,Sd10,Anzai,Naruto,Tokyo,06.08.2002,2018.03,NA,176 cm 123 kg,Ms36,Ms36,108-77-25/184,Sd25e,4,3,4,3,Ms59w,6,1
5,2,Daihisho,Oitekaze,Ehime,08.11.2003,2019.03,NA,180 cm 141 kg,Ms49,Ms49,94-74/167,Ms58w,3,4,Ms52w,4,3,Sd11,Taiga,Arashio,Fukushima,13.01.2003,2018.03,NA,185 cm 109 kg,Ms45,Ms45,102-86-22/188,Ms59e,3,4,4,3,Ms60w,3,4
3,4,Kirinryu (Takeoka),Nishonoseki,Tokyo,21.12.2001,2020.01,NA,173 cm 105 kg,Ms49,Ms49,70-63/133,Sd27e,4,3,Sd31w,2,5,Sd12,Tosashimizu (Toyoshimizu),Tokitsukaze,Kochi,25.02.1997,2015.05,NA,171 cm 182 kg,Sd3,Sd3,159-165-5/321,Sd67e,6,1,1,6,Sd50w,4,3
4,3,Keitenkai,Onomatsu,Kagoshima,10.03.1990,2008.01,NA,176 cm 112 kg,J11,J11,323-237-78/559,Sd29e,4,3,Sd2e,3,4,Sd13,Mochizuki,Otake,Yamanashi,08.03.1996,2016.07,NA,175 cm 100 kg,Ms56,Ms56,139-134-7/272,Sd29w,4,3,3,4,Sd35e,0,0
2,5,Oka,Minato,Saitama,03.03.1993,2011.05,NA,189 cm 151 kg,Sd4,Sd4,246-251/497,Sd38w,5,2,Sd41e,3,4,Sd14,Kiyota,Dewanoumi,Fukushima,04.08.2003,2019.03,NA,177 cm 107 kg,Sd14,Ms53,88-65-15/152,Sd39e,5,2,5,2,Ms53w,2,5
5,2,Kumanoryu,Takekuma,Fukuoka,18.03.2003,2021.03,NA,175 cm 117 kg,Ms51,Ms51,53-38/91,Ms51e,2,5,Ms55e,3,4,Sd15,Kaiseijo,Asakayama,Aichi,02.07.1998,2014.03,NA,179 cm 108 kg,Ms31,Ms31,193-184-1/377,Ms51w,2,5,5,2,Ms56e,4,3
4,3,Wakakinsho,Hanaregoma,Hokkaido,26.12.1996,2013.07,NA,178 cm 138 kg,Sd16,Sd5,196-183-27/374,Sd33w,4,3,Sd5e,2,5,Sd16,Kinotsukasa,Ikazuchi,Shizuoka,19.01.2000,2018.03,NA,173 cm 121 kg,Sd11,Sd5,106-82-22/188,Sd44e,5,2,4,3,Sd5w,3,4
5,2,Kyoda,Futagoyama,Kanagawa,04.02.2003,2020.11,NA,175 cm 127 kg,Sd6,Ms57,59-46/105,Sd34e,4,3,Ms57e,4,3,Sd17,Katsunofuji,Sakaigawa,Aomori,04.05.1984,2003.01,NA,181 cm 142 kg,Ms15,Ms15,421-373-46/793,Sd73w,6,1,3,4,Sd35w,3,4
3,4,Chiyotaiho,Kokonoe,Yamaguchi,01.08.2001,2017.03,NA,173 cm 146 kg,Ms52,Ms52,121-104-27/225,Sd2e,3,4,Sd37w,6,1,Sd18,Kirinofuji,Michinoku,Kagoshima,28.07.1994,2011.01,NA,186 cm 140 kg,Ms18,Ms18,245-238-14/481,Ms38w,0,1,0,0,Sd78w,0,0
2,5,Kawabuchi,Shikoroyama,Osaka,21.10.2000,2019.03,NA,176 cm 118 kg,Ms52,Ms52,89-79/168,Sd2w,3,4,Sd48w,5,2,Sd19,Takerufuji,Isegahama,Aomori,09.04.1999,2022.09,Nihon University,183 cm 141 kg,Sd19,Ms41,26-2/28,Jd11e,7,0,6,1,Ms41e,6,1
3,4,Kaishin,Tagonoura,Aomori,25.09.2001,2017.03,NA,183 cm 149 kg,Ms42,Ms42,114-111-27/225,Ms55e,2,5,Sd39e,1,0,Sd20,Hinataryu,Musashigawa,Miyazaki,23.05.1999,2018.01,NA,177 cm 111 kg,Ms46,Ms46,115-100-2/214,Ms56w,2,5,4,3,Sd7e,4,3
1,6,Oba,Otake,Niigata,25.04.2000,2019.03,NA,174 cm 135 kg,Sd4,Sd4,88-80/168,Sd47e,5,2,Sd58w,4,3,Sd21,Shunrai,Tatsunami,Chiba,10.04.2005,2021.05,NA,177 cm 119 kg,Sd21,Sd21,47-37/84,Sd39w,4,3,2,5,Sd54w,4,3
3,4,Hamanoumi,Tokitsukaze,Kanagawa,10.12.2001,2017.03,NA,183 cm 142 kg,Sd3,Sd3,115-137/252,Sd3w,3,4,Sd40w,4,3,Sd22,Akiyoshi,Onomatsu,Iwate,03.09.2001,2020.07,NA,177 cm 163 kg,Ms56,Ms56,69-50/119,Sd4e,3,4,4,3,Sd9e,4,3
2,5,Dairaido,Takadagawa,Fukuoka,17.04.1980,1996.03,NA,174 cm 147 kg,J2,J2,594-556-25/1150,Sd52e,5,2,Sd55e,3,4,Sd23,Nishikikuni,Shibatayama,Yamaguchi,25.05.2000,2019.03,NA,179 cm 146 kg,Ms57,Ms57,87-74-7/160,Ms57e,2,5,4,3,Sd10w,2,5
5,2,Wakenosato (Sakaekaze),Nishonoseki,Okayama,28.09.1993,2016.05,NA,181 cm 159 kg,Ms24,Ms24,150-137/287,Ms59w,2,5,Ms60e,1,6,Sd24,Toshunryu,Tamanoi,Tokyo,16.04.1999,2022.05,Nippon Sport Science University,172 cm 95 kg,Sd24,Ms15,30-9-3/38,Sd41w,4,1,7,0,Ms15w,3,4
3,4,Murayama,Naruto,Chiba,06.06.2002,2021.01,NA,168 cm 123 kg,Sd16,Sd16,55-40-3/94,Sd42e,4,3,Sd41w,4,3,Sd25,Sazanami,Isenoumi,Iwate,31.01.2000,2015.03,NA,182 cm 119 kg,Ms48,Ms48,176-160/335,Sd54e,5,2,3,4,Sd42e,7,0
3,4,Kotakiyama,Futagoyama,Tochigi,09.01.2003,2018.03,NA,184 cm 144 kg,Sd4,Sd4,110-93-7/203,Sd10e,3,4,Sd42w,5,2,Sd26,Hodaka,Onoe,Kumamoto,09.08.2000,2019.01,NA,167 cm 133 kg,Ms32,Ms32,88-73-14/161,Sd10w,3,4,4,3,Sd12e,3,4
4,3,Itadaki,Isenoumi,Tokyo,05.09.1994,2010.03,NA,188 cm 145 kg,Ms18,Ms18,269-254-16/522,Sd11e,3,4,Sd13e,5,2,Sd27,Hokutoshu,Hakkaku,Hiroshima,14.01.1994,2012.03,NA,186 cm 143 kg,Ms19,Ms19,235-227/461,Sd1e,2,5,4,3,Sd14w,3,4
2,5,Rinko,Nishonoseki,Nagano,04.07.2006,2022.03,NA,172 cm 118 kg,Sd28,Sd28,30-19/49,Sd45w,4,3,Sd56w,5,2,Sd28,Kototaiki,Sadogatake,Chiba,18.08.1993,2009.03,NA,174 cm 125 kg,Ms54,Ms54,238-237-50/474,Sd46w,4,3,3,4,Sd46w,3,4
2,5,Takabayama,Onoe,Yamagata,02.10.2000,2016.03,NA,175 cm 102 kg,Sd29,Sd29,139-141-14/280,Sd49e,4,3,Sd57e,3,4,Sd29,Tokisoma (Yoshoyama),Tokitsukaze,Mongolia,01.09.1998,2017.09,NA,184 cm 125 kg,Ms25,Ms25,119-105/224,Sd15w,3,4,6,1,Ms47e,4,3
4,3,Miyata,Shikoroyama,Ibaraki,04.02.2005,2020.03,NA,170 cm 133 kg,Sd30,Sd15,68-58/126,Sd57w,5,2,Sd15w,3,4,Sd30,Kotetsu,Otake,Mie,10.08.2001,2020.03,NA,179 cm 146 kg,Sd30,Sd30,65-41-20/106,Sd58e,5,2,3,4,Sd52w,5,2
3,4,Hokutoiwa,Hakkaku,Hokkaido,28.11.2003,2019.03,NA,179 cm 114 kg,Sd24,Sd24,88-80/168,Sd64e,5,2,Sd53w,4,3,Sd31,Daishoki,Oitekaze,Hyogo,05.05.1997,2013.03,NA,184 cm 146 kg,Ms54,Ms54,207-204-9/409,Sd64w,5,2,5,2,Sd7w,2,5
2,5,Mukaida,Naruto,Hyogo,02.11.1998,2018.05,NA,183 cm 139 kg,Sd2,Sd2,101-94-8/195,Sd50w,4,3,Sd62w,3,4,Sd32,Aratakayama,Tokiwayama,Osaka,23.10.2003,2019.03,NA,175 cm 146 kg,Sd32,Sd18,89-79/168,Sd68e,5,2,4,3,Sd18e,5,2
4,3,Hakuonada,Yamahibiki,Hyogo,29.07.2000,2019.03,NA,185 cm 158 kg,Ms44,Ms44,89-72-7/161,Sd16e,3,4,Sd18w,5,2,Sd33,Chiyoshishi,Kokonoe,Toyama,19.05.2005,2021.03,NA,182 cm 143 kg,Sd33,Sd33,40-34-10/74,Jd1w,6,1,1,6,Sd70w,4,3
2,5,Ryutsukasa,Ikazuchi,Shizuoka,13.02.1997,2015.01,NA,168 cm 133 kg,Sd15,Sd15,170-156-17/324,Sd52w,4,3,Sd63e,5,2,Sd34,Takataisho,Tokiwayama,Tokyo,15.06.1995,2011.05,NA,174 cm 130 kg,Sd34,Sd34,220-244-33/464,Sd71e,5,2,0,7,Sd84w,0,0
6,1,Shosei,Sakaigawa,Kagoshima,27.05.1986,2005.03,NA,168 cm 130 kg,Ms3,Ms3,384-365/749,Sd7w,2,5,Ms51w,1,6,Sd35,Senho,Miyagino,Chiba,30.04.2003,2019.07,NA,187 cm 125 kg,Sd35,Sd20,74-66-14/140,Sd53w,4,3,4,3,Sd20w,4,3
5,2,Tanji,Arashio,Fukushima,05.06.2006,2022.03,NA,183 cm 114 kg,Sd18,Sd11,34-15/49,Sd18e,3,4,Sd11e,5,2,Sd36,Saidaiji,Ikazuchi,Okayama,09.06.1994,2013.01,NA,180 cm 181 kg,Ms39,Ms39,214-201-12/413,Sd54w,4,3,3,4,Sd55w,4,3
3,4,Hokutosakae,Hakkaku,Hokkaido,24.10.1999,2018.03,NA,188 cm 136 kg,Sd28,Sd28,108-102/210,Sd55e,4,3,Sd56e,3,4,Sd37,Oshoryu,Naruto,Osaka,22.04.1996,2019.05,Kinki University,177 cm 175 kg,Ms7,Ms7,85-49-27/133,Ms57w,0,0,0,0,Jd7w,7,0
4,3,Hakuomaru,Tokitsukaze,Chiba,27.06.1998,2017.03,NA,173 cm 174 kg,Sd8,Sd8,124-114-14/238,Sd8e,2,5,Sd22w,2,5,Sd38,Tsunekawa,Arashio,Toyama,17.10.1994,2013.03,NA,182 cm 135 kg,Sd30,Sd30,190-194-36/384,Sd56w,4,3,2,5,Sd69e,4,3
4,3,Komanokuni,Shibatayama,Kanagawa,29.06.1990,2006.03,NA,176 cm 226 kg,Ms23,Ms23,353-328-26/679,Sd76e,5,2,Sd23w,2,5,Sd39,Ishii,Miyagino,Yamanashi,20.01.2002,2020.03,NA,192 cm 117 kg,Sd39,Sd39,57-42-27/98,Sd59e,4,3,3,4,Sd57w,2,5
5,2,Kenshin,Sakaigawa,Niigata,04.04.1996,2015.01,NA,173 cm 122 kg,Sd13,Sd12,165-146-32/310,Sd19w,3,4,Sd12w,3,4,Sd40,Rao,Tatsunami,Saitama,30.03.1993,2011.01,NA,171 cm 108 kg,Ms37,Ms37,255-234-15/488,Sd21e,3,3,5,2,Sd13w,1,6
3,4,Kawamura,Naruto,Mie,03.09.2001,2018.05,NA,176 cm 110 kg,Sd22,Sd22,99-85-19/184,Sd22e,3,4,Sd62e,4,3,Sd41,Ebisumaru,Takadagawa,Hyogo,31.05.1991,2007.03,NA,180 cm 129 kg,Sd5,Sd5,318-347/664,Sd12w,2,5,4,3,Sd25w,4,3
5,2,Marusho,Naruto,Niigata,09.09.2000,2019.05,NA,174 cm 139 kg,Ms31,Ms31,88-60-13/147,Sd5w,1,6,Sd16e,5,2,Sd42,Daiyusho,Oitekaze,Ehime,06.04.2002,2018.03,NA,176 cm 134 kg,Ms25,Ms25,109-78-23/186,Sd62w,4,3,5,2,Sd16w,4,3
1,6,Toramusashi,Musashigawa,Yamanashi,01.03.2005,2020.03,NA,182 cm 112 kg,Sd43,Sd43,60-57-9/117,Sd79w,5,2,Sd81e,5,2,Sd43,Taranami,Tatsunami,Nagasaki,19.02.2002,2017.03,NA,179 cm 131 kg,Sd28,Sd27,128-123-1/250,Sd63e,4,3,4,3,Sd27w,3,4
2,5,Goseiryu,Takekuma,Saitama,07.08.2002,2021.03,NA,180 cm 100 kg,Sd44,Sd44,46-38-7/84,Sd81e,5,2,Sd73w,1,6,Sd44,Sakai,Otake,Fukuoka,28.10.1995,2014.03,NA,176 cm 126 kg,Sd8,Sd8,183-195/378,Sd24e,3,4,3,4,Sd63w,3,4
2,5,Kenyu,Miyagino,Yamanashi,05.02.1999,2014.03,NA,180 cm 134 kg,Sd24,Sd24,176-187-15/360,Sd65e,4,3,Sd76e,5,2,Sd45,Aoi,Shikoroyama,Aichi,02.04.1992,2008.03,NA,182 cm 145 kg,Ms49,Ms49,304-272-47/572,Sd65w,4,3,3,4,Sd64e,5,2
4,3,Hogasho,Tokitsukaze,Ishikawa,07.11.2002,2021.03,NA,175 cm 164 kg,Sd14,Sd14,50-41/91,Sd25w,3,4,Sd29e,2,5,Sd46,Shimanishiki,Asahiyama,Mie,13.09.2000,2019.03,NA,185 cm 124 kg,Sd46,Sd46,81-80-7/161,Jd18w,6,1,3,4,Sd66w,2,5
3,0,Haruminato,Minato,Gunma,12.01.1997,2012.03,NA,177 cm 121 kg,Ms36,Ms36,227-225-10/452,Sd7e,1,6,Sd67w,3,4,Sd47,Kaigo,Asakayama,Kagoshima,11.09.2002,2018.03,NA,185 cm 135 kg,Ms51,Ms51,107-93-10/198,Sd26w,3,2,4,2,Sd30e,4,3
4,3,Aozora,Kasugano,Osaka,26.08.1983,2006.03,Asahi University,182 cm 121 kg,Ms6,Ms6,360-335-12/694,Sd27w,3,4,Sd31e,3,4,Sd48,Matsuda,Shibatayama,Nagano,19.09.1994,2013.03,NA,181 cm 112 kg,Ms53,Ms53,207-212-1/417,Sd28w,3,4,1,6,Sd85e,3,4
1,6,Chura,Miyagino,Okinawa,10.04.2001,2017.03,NA,174 cm 123 kg,Sd19,Sd19,117-119-16/236,Sd86e,5,2,Sd86w,4,3,Sd49,Yamato,Dewanoumi,Gifu,13.08.2003,2022.03,NA,174 cm 80 kg,Sd49,Sd49,28-18-3/45,Jd21e,6,1,3,4,Sd69w,3,4
5,2,Nishida,Nishonoseki,Fukuoka,24.10.2004,2020.03,NA,181 cm 138 kg,Sd45,Sd20,68-58/126,Sd70e,4,3,Sd20e,2,5,Sd50,Oyamada,Naruto,Akita,19.05.1999,2022.05,NA,178 cm 96 kg,Sd50,Sd33,26-13-3/39,Sd87w,5,2,4,3,Sd33e,4,3
6,1,Kotodaishin,Sadogatake,Gifu,01.03.2001,2019.01,NA,186 cm 151 kg,Ms57,Ms57,90-79-6/167,Sd20w,2,5,Sd1w,3,4,Sd51,Makio,Musashigawa,Kagoshima,14.03.2002,2020.03,NA,182 cm 106 kg,Sd51,Sd34,63-61-2/124,Sd88e,5,2,4,3,Sd34w,1,6
2,5,Daishosei,Oitekaze,Kumamoto,22.11.1999,2018.03,NA,171 cm 123 kg,Sd6,Sd6,107-100-3/206,Sd72e,4,3,Sd81w,3,4,Sd52,Amane,Shikoroyama,Kanagawa,21.11.1998,2017.03,NA,181 cm 153 kg,Ms58,Ms58,123-129/251,Sd21w,2,5,3,4,Sd71w,4,3
2,5,Honma,Naruto,Tokyo,01.05.2001,2017.03,NA,171 cm 118 kg,Sd52,Sd52,102-105-17/207,Sd73e,4,3,Sd82w,4,3,Sd53,Tatsuki,Otake,Aichi,30.01.2001,2016.09,NA,184 cm 122 kg,Sd15,Sd15,135-132-6/267,Sd31w,3,4,5,2,Sd23e,1,6
3,4,Yurikisho,Tokiwayama,Tokyo,02.09.2001,2017.09,NA,167 cm 138 kg,Sd49,Sd49,97-73-40/170,Sd74e,4,3,Sd72e,6,1,Sd54,Kamitani,Michinoku,Miyazaki,18.06.2002,2018.03,NA,183 cm 154 kg,Ms19,Ms19,107-87-16/193,Sd16w,1,6,5,2,Sd24e,3,4
3,4,Asahanshin,Takasago,Osaka,04.06.2000,2016.03,NA,182 cm 148 kg,Sd24,Sd24,142-152/293,Sd24w,2,5,Sd74e,3,4,Sd55,Kyokutaisei,Oshima,Hokkaido,18.10.1989,2008.01,NA,184 cm 151 kg,M8,M8,454-407-73/855,Jd28e,6,1,6,1,Sd3e,4,3
2,5,Ginseizan,Otake,Nagano,06.04.1993,2012.03,NA,176 cm 109 kg,Ms58,Ms58,221-239-2/460,Sd36e,3,4,Sd83w,0,5,Sd56,Amakaze,Oshiogawa,Kagawa,07.07.1991,2007.03,NA,184 cm 177 kg,M13,M13,408-363-47/770,Sd37e,3,4,5,2,Sd26e,4,3
5,2,Kitanomine,Hakkaku,Fukuoka,22.04.1993,2010.03,NA,181 cm 72 kg,Sd27,Sd26,203-210-42/410,Sd77e,4,3,Sd26w,0,0,Sd57,Nagata,Dewanoumi,Shizuoka,12.05.2002,2021.01,NA,167 cm 113 kg,Sd28,Sd28,48-47-3/94,Sd28e,2,5,4,3,Sd39w,0,7
1,6,Kayatoiwa (Hamaminato),Minato,Gunma,13.07.1991,2007.03,NA,176 cm 108 kg,Sd27,Sd27,312-323-30/634,Sd40w,3,4,Jd8w,3,4,Sd58,Chiyoyamato,Kokonoe,Aichi,16.02.2001,2020.07,NA,183 cm 126 kg,Sd58,Sd58,57-55-7/112,Jd5w,5,2,3,4,Sd76w,2,5
3,4,Shoji,Musashigawa,Akita,25.08.1994,2017.07,NA,191 cm 147 kg,Ms43,Ms43,122-114-2/236,Sd32e,2,5,Sd78e,5,2,Sd59,Tokiryu,Tamanoi,Aichi,25.06.1998,2014.03,NA,175 cm 117 kg,Ms54,Ms54,179-184-15/360,Sd32w,2,5,3,4,Sd79e,4,3
0,0,Kyokushori (Kaiho),Oshima,Hyogo,10.03.1995,2013.01,NA,169 cm 189 kg,Ms50,Ms50,187-152-81/338,Sd33e,2,2,Jd30e,0,0,Sd60,Koki,Minato,Aichi,21.10.2003,2019.03,NA,181 cm 128 kg,Sd53,Sd53,76-78-14/154,Sd80w,4,3,0,0,Jd30w,3,4
2,5,Shinyashiki,Otake,Saitama,31.01.1998,2013.11,NA,170 cm 102 kg,Sd55,Sd55,180-206-6/385,Jd7w,5,2,Sd90e,4,3,Sd61,Ieshima,Yamahibiki,Hyogo,26.01.2005,2020.03,NA,176 cm 135 kg,Sd25,Sd25,65-54-7/119,Sd42w,3,4,4,3,Sd43w,2,5
4,3,Asanojo,Takasago,Kochi,03.09.1986,2004.01,NA,174 cm 110 kg,Ms56,Ms56,382-399-17/778,Sd35e,2,5,Sd44w,5,2,Sd62,Asashinjo,Takasago,Aichi,12.02.1998,2016.03,NA,170 cm 114 kg,Sd19,Sd19,144-139-11/282,Sd45e,3,4,4,3,Sd45w,4,3
5,2,Yutakasho,Sakaigawa,Kagoshima,19.11.1994,2013.03,NA,174 cm 126 kg,Ms13,Ms13,210-167-36/377,Sd36w,2,5,Sd30w,6,1,Sd63,Teraoumi,Shikoroyama,Hiroshima,07.08.1987,2006.01,NA,186 cm 138 kg,Sd6,Sd6,340-367-7/707,Sd47w,3,4,2,5,Jd1e,3,4
4,3,Akatora (Omote),Shikihide,Oita,01.03.1998,2016.03,NA,166 cm 96 kg,Sd42,Sd42,147-147/292,Sd84e,4,3,Sd46e,3,4,Sd64,Kanazawa,Naruto,Aichi,20.06.2003,2022.03,NA,182 cm 164 kg,Sd64,Sd64,29-17-3/46,Sd84w,4,3,3,4,Sd83e,5,2
6,1,Daiseizan,Arashio,China,22.05.2000,2021.11,NA,189 cm 150 kg,Sd10,Sd10,34-8-14/42,Jd40w,6,1,Sd10e,4,3,Sd65,Oshozan,Naruto,Yamanashi,11.05.2000,2016.03,NA,168 cm 123 kg,Sd56,Sd56,136-132-26/267,Sd85w,4,3,2,2,Jd2w,3,4
2,5,Hagane (Kakureizan),Michinoku,Aichi,29.08.1981,2000.03,NA,179 cm 145 kg,Ms16,Ms16,476-479-4/953,Jd12e,5,2,Jd3e,5,2,Sd66,Asaobora,Takasago,Aichi,21.06.2004,2020.03,NA,186 cm 164 kg,Sd63,Sd47,64-62/125,Sd86w,4,3,4,3,Sd47w,5,2
3,4,Baraki,Shikihide,Saitama,10.05.1994,2013.01,NA,163 cm 99 kg,Ms58,Ms58,208-219/427,Sd48e,3,4,Sd84e,3,4,Sd67,Hitachigo,Fujishima,Ibaraki,17.06.1985,2004.01,NA,184 cm 145 kg,Ms15,Ms15,378-367-25/743,Sd48w,3,4,2,5,Jd6w,5,2
4,3,Daijo,Takadagawa,Fukuoka,19.07.1991,2007.03,NA,182 cm 117 kg,Ms43,Ms43,323-342/665,Sd49w,3,4,Sd49e,3,4,Sd68,Chiyotenfu,Kokonoe,Tokyo,17.03.2000,2015.05,NA,172 cm 114 kg,Sd18,Sd18,149-168-12/316,Sd18w,0,7,4,3,Sd49w,1,1
2,5,Tatsuosho,Tatsunami,Okinawa,01.09.2003,2022.03,NA,182 cm 138 kg,Sd50,Sd50,30-19/49,Sd50e,3,4,Jd10w,5,2,Sd69,Furanshisu,Shikihide,Philippines,04.08.1998,2016.03,NA,175 cm 115 kg,Sd53,Sd53,141-148-5/288,Sd89w,4,3,2,5,Jd11w,3,4
3,4,Asakoga,Takasago,Osaka,20.02.1993,2015.03,NA,174 cm 166 kg,Sd19,Sd19,165-163-8/327,Jd46e,6,1,Sd89w,5,1,Sd70,Shogun,Shikoroyama,Yamaguchi,21.01.1999,2017.01,NA,184 cm 112 kg,Sd16,Sd16,127-110-22/236,Sd41e,2,5,5,2,Sd37e,5,2
4,3,Tokio,Isenoumi,Iwate,16.08.2000,2016.03,NA,174 cm 147 kg,Sd42,Sd42,138-156/293,Jd1e,4,3,Sd52e,3,4,Sd71,Masuminato,Onomatsu,Chiba,13.06.1995,2014.05,NA,169 cm 143 kg,Ms57,Ms57,183-176-12/357,Sd43w,2,5,4,3,Sd53e,2,5
4,3,Chiyotaisei,Kokonoe,Kumamoto,13.04.2001,2020.03,NA,180 cm 175 kg,Sd72,Sd54,65-54-7/119,Jd19e,5,2,Sd54e,5,2,Sd72,Tokitora (Shimoyama),Tokitsukaze,Miyagi,20.02.2002,2020.07,NA,185 cm 120 kg,Ms45,Ms45,60-39-13/98,Jd19w,5,2,5,2,NA,NA,NA
3,4,Yasunishi,Michinoku,Fukuoka,01.10.2001,2020.07,NA,175 cm 103 kg,Sd73,Sd73,60-59/119,Jd49e,6,1,Sd90w,2,5,Sd73,Tokinosato,Nishiiwa,Osaka,14.12.2002,2018.03,NA,174 cm 137 kg,Sd55,Sd55,101-100-2/201,Sd55w,3,4,3,4,NA,NA,NA
5,2,Goshimaru (Yokoe),Musashigawa,Kanagawa,11.09.1996,2015.11,NA,180 cm 143 kg,Ms28,Ms28,153-139-16/291,Sd46e,2,5,Sd40e,3,4,Sd74,Oginosho,Dewanoumi,Osaka,03.06.1993,2009.03,NA,180 cm 125 kg,Ms22,Ms22,285-291-5/575,Sd38e,1,6,3,4,Jd1w,2,5
2,5,Kaihiryu,Asakayama,Tokyo,17.10.2001,2020.03,NA,181 cm 80 kg,Sd75,Sd75,55-64-7/119,Jd5e,4,3,Jd17e,3,4,Sd75,Suio,Dewanoumi,Gifu,03.07.2001,2017.03,NA,177 cm 113 kg,Sd15,Sd15,115-112-25/225,Sd15e,0,0,0,0,Jd45w,0,0
1,6,Sadanokuni,Sakaigawa,Nagasaki,02.04.1988,2004.03,NA,183 cm 112 kg,Ms49,Ms49,382-402-7/784,Sd40e,1,6,Jd28e,0,0,Sd76,Kassho,Yamahibiki,Hyogo,22.10.2002,2021.03,NA,171 cm 133 kg,Sd76,Sd76,47-31-13/78,Jd6e,4,3,3,4,Jd3w,4,3
5,2,Biganzan,Yamahibiki,Okayama,21.06.2002,2018.03,NA,185 cm 159 kg,Sd42,Sd42,94-109-7/203,Jd24e,5,2,Sd43e,1,6,Sd77,Kojikara,Tagonoura,Tochigi,15.06.2002,2018.03,NA,183 cm 145 kg,Sd42,Sd42,91-75-37/165,Sd58w,3,4,5,2,Sd44e,4,3
5,2,Shoketsu,Shibatayama,Shizuoka,05.09.1976,1995.03,NA,183 cm 165 kg,Ms4,Ms4,589-580/1168,Jd8e,4,3,Sd45e,1,6,Sd78,Fukuminato,Minato,Tokyo,16.03.2000,2015.03,NA,180 cm 123 kg,Sd78,Sd78,123-147-45/270,Jd8w,4,3,3,4,Jd9w,3,4
4,3,Miyakogawa,Isenoumi,Kyoto,22.11.1998,2017.05,NA,175 cm 95 kg,Sd59,Sd59,122-123/243,Sd59w,3,4,Sd59e,2,5,Sd79,Michihaya,Onomatsu,Kanagawa,21.08.2003,2022.03,NA,187 cm 167 kg,Sd60,Sd60,22-13-14/35,Sd60e,3,4,0,0,Jd49w,0,0
7,0,Kiyonoumi,Tamanoi,Nagano,21.08.1996,2014.11,NA,180 cm 164 kg,Ms52,Ms52,171-164-15/334,Sd51e,2,5,Ms54w,3,4,Sd80,Sakabayashi,Onoe,Toyama,28.11.1999,2018.01,NA,175 cm 124 kg,Sd38,Sd38,102-101-14/203,Sd43e,1,6,2,5,Jd22w,5,2
4,3,Sato,Nishonoseki,Oita,03.01.2004,2022.03,NA,176 cm 117 kg,Sd62,Sd61,27-22/49,Sd62e,3,4,Sd61e,1,6,Sd81,Hokuyozan,Tatsunami,Hokkaido,26.11.1993,2009.03,NA,180 cm 132 kg,Sd20,Sd20,270-281-30/551,Jd28w,5,2,4,3,Sd61w,3,4
5,2,Kaorufuji,Kasugano,Shizuoka,28.02.1988,2003.03,NA,173 cm 157 kg,Ms38,Ms38,405-427-1/832,Sd53e,2,5,Sd47e,4,3,Sd82,Hienriki,Oshiogawa,Niigata,06.03.1983,1998.03,NA,178 cm 125 kg,Ms29,Ms29,508-531-4/1038,Jd12w,4,3,3,4,Jd12w,3,4
1,6,Masakifuji,Isegahama,Niigata,12.11.2003,2021.11,NA,168 cm 105 kg,Sd83,Sd83,30-33/63,Jd13e,4,3,Jd35w,3,4,Sd83,Ishiazuma,Tamanoi,Miyagi,08.11.1998,2014.03,NA,166 cm 117 kg,Sd83,Sd83,171-192-15/362,Jd13w,4,3,2,5,Jd24e,3,4
3,4,Chiyohokkai,Kokonoe,Hokkaido,19.10.1995,2018.01,NA,172 cm 127 kg,Sd39,Sd39,106-104-7/210,Sd56e,2,5,Jd13e,5,2,Sd84,Tochigidake,Kasugano,Gifu,20.11.1991,2010.03,NA,174 cm 119 kg,Sd27,Sd27,248-225-45/473,Jd14w,4,3,4,3,Sd65e,4,3
2,5,Suonada,Sakaigawa,Yamaguchi,26.12.2000,2019.01,NA,182 cm 126 kg,Sd85,Sd85,75-93/168,Jd15e,4,3,Jd24w,0,0,Sd85,Takano,Kise,Kumamoto,17.05.2001,2020.07,NA,174 cm 162 kg,Sd60,Sd60,53-47-19/100,Jd66w,6,1,2,5,Jd27w,4,3
5,2,Chiyoresshi,Kokonoe,Toyama,03.04.2003,2020.07,NA,173 cm 113 kg,Sd63,Sd50,59-53-7/112,Jd16e,4,3,Sd50e,3,4,Sd86,Asatenmai,Takasago,Miyagi,23.05.1981,2000.03,NA,170 cm 116 kg,Ms8,Ms8,477-464-18/941,Sd66e,3,4,5,2,Sd51w,3,4
3,4,Araoyama,Onomatsu,Tokyo,12.12.2000,2019.05,NA,173 cm 123 kg,Sd13,Sd13,82-79/161,Sd57e,2,5,Jd18w,6,1,Sd87,Daikinryu,Sakaigawa,Yamaguchi,17.03.2004,2022.03,NA,171 cm 110 kg,Sd87,Sd87,22-15-12/37,Jd34w,5,2,0,2,Jd47w,0,0
4,3,Kototaiga,Sadogatake,Hyogo,21.04.2001,2017.03,NA,181 cm 120 kg,Sd36,Sd36,101-89-41/187,Sd69w,3,4,Sd68e,1,2,Sd88,Hamadayama,Shibatayama,Tokyo,02.12.1991,2007.03,NA,172 cm 122 kg,Sd40,Sd40,301-364/665,Sd60w,2,5,4,3,Sd68w,2,5
3,4,Yokomaru (Yanagida),Musashigawa,Okayama,27.05.2000,2019.03,NA,177 cm 140 kg,Sd24,Sd24,85-81-2/165,Sd51w,1,6,Jd19w,4,3,Sd89,Fujinotani,Hakkaku,Hiroshima,07.08.1997,2013.03,NA,165 cm 108 kg,Sd53,Sd53,193-190-37/381,Jd36w,5,2,3,4,Jd21w,0,1
3,4,Kiyonohana,Dewanoumi,Fukushima,23.07.2005,2021.03,NA,171 cm 74 kg,Sd87,Sd87,48-40-3/87,Jd20w,4,3,Jd22e,4,3,Sd90,Ishiura,Miyagino,Tottori,10.01.1990,2013.01,Nihon University,174 cm 110 kg,M5,M5,350-321-108/670,Sd30w,0,0,0,0,Jd60w,0,0
4,3,Yamenosato,Nishiiwa,Fukuoka,03.04.2000,2018.03,NA,180 cm 119 kg,Sd65,Sd65,104-106/210,Jd38e,5,2,Sd71e,3,4,Jd1,Asashiyu,Takasago,Mie,08.08.1994,2017.03,Toyo University,182 cm 154 kg,J13,J13,127-68-72/193,Sd61e,2,2,6,1,Sd32w,6,1
0,2,Daishomune,Oitekaze,Kagawa,08.07.1992,2011.01,NA,178 cm 113 kg,Sd33,Sd33,243-256-5/498,Sd71w,3,4,Jd62w,4,3,Jd2,Ikazuchido,Ikazuchi,Saitama,18.03.2005,2022.05,NA,180 cm 91 kg,Jd2,Sd72,24-18/42,Jd73e,6,1,4,3,Sd72w,3,4
6,1,Suzaki,Otake,Gifu,02.04.2004,2020.03,NA,168 cm 78 kg,Sd61,Sd34,65-61/126,Sd75e,3,4,Sd34e,2,5,Jd3,Kisenoumi,Kise,Chiba,12.04.2001,2019.03,NA,181 cm 137 kg,Sd15,Sd15,87-81/168,Sd75w,3,4,5,2,Sd58e,4,3
2,5,Mimurodake (Juban),Isegahama,Nara,18.03.1987,2002.03,NA,179 cm 146 kg,Sd55,Sd55,411-460-4/870,Jd75e,6,1,Jd44w,2,5,Jd4,Tochimitsuru,Kasugano,Tokyo,08.06.1995,2014.03,NA,172 cm 115 kg,Ms60,Ms60,191-184-3/374,Jd41e,5,2,4,3,Sd74w,5,2
4,3,Sekizuka,Tagonoura,Aichi,21.04.1997,2013.03,NA,184 cm 123 kg,Sd45,Sd45,170-233-17/403,Sd67w,2,5,Sd75w,4,3,Jd5,Ryuseiyama (Kawaraumi),Dewanoumi,Tokyo,12.12.1991,2007.03,NA,172 cm 134 kg,Sd5,Sd5,316-320-29/634,Jd26e,4,3,3,4,Jd29w,4,3
3,4,Chiyotaiko,Kokonoe,Osaka,26.12.2001,2017.03,NA,179 cm 130 kg,Jd6,Jd6,97-95-53/192,Jd26w,4,3,Jd31w,5,2,Jd6,Dewanosora,Dewanoumi,Nagasaki,03.07.1999,2015.03,NA,178 cm 138 kg,Sd50,Sd50,159-174-3/332,Sd78e,3,4,2,5,Jd45e,3,4
4,3,Yoshiazuma,Tamanoi,Kumamoto,26.05.1977,1996.01,NA,196 cm 158 kg,M12,M12,638-656-8/1293,Sd69e,2,5,Sd77e,2,5,Jd7,Yoshino,Futagoyama,Kanagawa,04.12.2002,2021.03,NA,180 cm 122 kg,Sd63,Sd63,45-46/91,Sd63w,1,6,4,3,Sd77w,3,4
3,4,Shunkaku,Shikoroyama,Ibaraki,24.10.2002,2018.03,NA,164 cm 86 kg,Jd8,Jd8,94-116/210,Jd30e,4,3,Jd36e,5,2,Jd8,Tsugunohana,Onomatsu,Iwate,20.10.1997,2016.03,NA,187 cm 127 kg,Sd97,Sd97,133-154-7/287,Jd30w,4,3,3,4,Jd38e,4,3
2,5,Asaazuma,Takasago,Kochi,18.05.1999,2018.01,NA,183 cm 123 kg,Jd7,Jd7,102-115/217,Jd48w,5,2,Jd46e,4,3,Jd9,Asanotosa,Takasago,Kochi,10.11.1981,2000.01,NA,174 cm 161 kg,Ms21,Ms21,483-466-17/947,Sd80e,3,4,3,4,Jd38w,4,3
4,3,Tsugaruumi,Tamanoi,Chiba,06.04.1996,2012.03,NA,174 cm 109 kg,Sd4,Sd4,213-182-60/391,Sd72w,2,5,Sd80e,3,4,Jd10,Mogamizakura,Shikihide,Ibaraki,03.07.2005,2021.03,NA,187 cm 142 kg,Sd60,Sd60,46-40-5/86,Jd33w,4,3,3,4,Jd40e,5,2
5,2,Sawayaka,Shikihide,Shizuoka,02.02.2000,2016.05,NA,172 cm 87 kg,Sd96,Sd64,143-142-2/284,Jd50w,5,2,Sd64w,2,5,Jd11,Yusui (Ryuki),Michinoku,Kagoshima,15.08.1997,2013.07,NA,181 cm 97 kg,Sd59,Sd59,183-180-43/361,Sd81w,3,3,0,1,Jd71w,0,0
4,3,Kaiyuma,Asakayama,Tokyo,26.04.2000,2016.05,NA,172 cm 160 kg,Sd66,Sd66,145-141-1/286,Sd83e,3,4,Sd82e,4,3,Jd12,Tenei,Takadagawa,Osaka,11.10.1999,2017.11,NA,177 cm 134 kg,Sd55,Sd55,110-114/224,Sd83w,3,4,5,2,Sd66e,4,3
5,2,Arise,Tokitsukaze,Oita,16.02.2000,2022.03,Tokyo University of Agriculture,175 cm 93 kg,Sd77,Sd67,29-20/49,Jd37w,4,3,Sd67e,5,2,Jd13,Asakiryu,Takasago,Mie,22.06.2002,2021.03,NA,168 cm 78 kg,Sd37,Sd37,50-41/91,Sd85e,3,4,3,4,Jd42e,6,1
3,4,Hidano,Arashio,Toyama,14.09.1990,2011.11,NA,179 cm 133 kg,Sd34,Sd34,225-237-14/462,Sd76w,2,5,Jd43w,6,1,Jd14,Kotoegashira,Sadogatake,Fukuoka,23.07.2003,2019.03,NA,173 cm 107 kg,Sd88,Sd88,73-64-31/136,Jd39w,4,3,0,0,Jd84w,6,1
1,6,Byakuen,Tatsunami,Mie,05.10.2004,2021.05,NA,171 cm 67 kg,Jd15,Jd15,37-46-1/83,Jd92w,6,1,Jd61w,3,4,Jd15,Ryuseio,Shibatayama,Kumamoto,14.02.1986,2004.03,NA,186 cm 160 kg,Ms40,Ms40,387-382-22/768,Sd68w,1,6,4,3,Sd85w,3,4
1,6,Maniwayama,Takadagawa,Okayama,14.06.2003,2019.03,NA,175 cm 96 kg,Jd16,Jd16,70-98/168,Jd93w,6,1,Jd64w,3,4,Jd16,Terutaka,Onoe,Tokyo,06.03.2001,2018.11,NA,175 cm 125 kg,Sd80,Sd70,79-79-24/157,Jd41w,4,3,5,2,Sd70e,2,5
4,3,Takanoryu,Tagonoura,Fukuoka,03.09.2004,2020.03,NA,170 cm 121 kg,Sd89,Sd87,58-54-14/112,Jd59w,5,2,Sd87w,2,5,Jd17,Takakurayama,Onoe,Yamagata,11.08.1998,2014.03,NA,181 cm 129 kg,Sd79,Sd79,174-187-17/361,Jd60w,5,2,2,5,Jd52e,3,4
4,3,Asahabataki,Takasago,Aichi,21.04.2003,2019.03,NA,176 cm 141 kg,Sd59,Sd59,67-78-23/144,Jd43e,4,3,Sd88e,1,6,Jd18,Hokutoyoshi,Hakkaku,Hokkaido,16.07.1997,2016.03,NA,178 cm 145 kg,Sd74,Sd74,138-151-5/288,Jd43w,4,3,4,3,Sd89e,3,4
2,5,Fujimusashi,Musashigawa,Saitama,31.03.2005,2020.03,NA,166 cm 115 kg,Jd12,Jd12,58-59-9/117,Jd61w,5,2,Jd55w,4,3,Jd19,Amao,Nishonoseki,Hyogo,24.10.2002,2021.03,NA,178 cm 122 kg,Sd89,Sd48,41-24-26/65,Sd89e,3,4,6,1,Sd48e,2,5
5,2,Suyama,Kise,Saitama,23.09.1997,2022.05,Tokyo University,180 cm 104 kg,Jd18,Sd73,24-18/42,Jd45w,4,3,Sd73e,2,5,Jd20,Miyabi,Futagoyama,Chiba,29.05.2002,2018.03,NA,176 cm 122 kg,Jd20,Jd20,90-120/208,Jd65e,5,2,2,5,Jd58e,3,4
5,2,Inaba,Onomatsu,Aichi,18.05.2000,2019.03,NA,173 cm 125 kg,Sd52,Sd52,86-82/168,Sd79e,2,5,Sd75e,5,2,Jd21,Musashiumi,Fujishima,Ehime,26.04.1981,1997.03,NA,183 cm 155 kg,Ms5,Ms5,538-522-25/1060,Sd82e,2,5,3,4,Jd46w,5,2
4,3,Soga,Futagoyama,Saitama,09.02.2003,2018.05,NA,178 cm 134 kg,Sd58,Sd58,99-104/203,Jd2e,3,4,Jd2e,4,3,Jd22,Boshuyama,Sakaigawa,Chiba,23.06.2004,2020.03,NA,187 cm 138 kg,Jd22,Jd22,54-71-1/123,Jd71e,5,2,1,6,Jd70w,3,4
3,4,Kototaisei,Sadogatake,Aichi,16.07.1996,2012.03,NA,174 cm 116 kg,Sd47,Sd47,215-241-6/455,Jd49w,4,3,Jd49e,5,2,Jd23,Mihamaumi,Tamanoi,Chiba,29.11.1996,2012.05,NA,173 cm 125 kg,Sd25,Sd25,197-229-22/425,Sd87e,2,5,6,1,Sd51e,2,5
2,5,Daisho,Oitekaze,Ishikawa,04.06.2000,2016.03,NA,169 cm 131 kg,Sd78,Sd78,138-150-6/286,Sd78w,1,6,Jd58w,5,2,Jd24,Oatari,Shikihide,Saitama,27.11.1999,2015.03,NA,177 cm 129 kg,Jd24,Jd24,146-189-1/335,Jd52e,4,3,3,4,Jd51e,4,3
3,4,Tsukioka,Futagoyama,Saitama,23.01.2005,2020.03,NA,167 cm 98 kg,Jd25,Jd25,56-70/126,Jd52w,4,3,Jd51w,3,4,Jd25,Matsugi,Tagonoura,Ehime,14.03.2005,2020.03,NA,177 cm 86 kg,Jd25,Jd4,48-64-14/112,Jd75w,5,2,4,3,Jd4w,2,5
4,3,Kyokumizuno,Oshima,Toyama,12.03.2004,2022.03,NA,169 cm 135 kg,Jd4,Jd4,28-21/49,Jd4e,3,4,Jd5e,4,3,Jd26,Shoran,Hanaregoma,Aichi,06.12.2003,2022.03,NA,175 cm 76 kg,Jd26,Jd26,23-24-2/46,Jd55w,4,3,2,5,Jd67e,4,3
4,3,Aron,Nishonoseki,Kanagawa,07.01.2003,2021.03,NA,181 cm 128 kg,Jd9,Jd6,48-43/91,Jd9w,3,4,Jd6e,4,3,Jd27,Kaishinmaru,Asakayama,Osaka,14.09.1998,2014.03,NA,170 cm 138 kg,Ms54,Ms54,178-174-26/351,Sd82w,1,3,5,2,Sd80w,4,3
3,4,Kyokutaiga,Oshima,Hokkaido,28.02.2006,2021.03,NA,166 cm 136 kg,Jd28,Jd28,46-45/90,Jd78w,5,2,Jd53w,5,2,Jd28,Kokiryu,Tatsunami,Osaka,14.09.2004,2022.09,NA,182 cm 129 kg,Jd28,Jd28,16-12/28,Jd57w,4,3,3,4,Jd54e,4,3
3,4,Wakaazuma,Tamanoi,Miyagi,15.01.2004,2019.03,NA,181 cm 120 kg,Sd84,Sd84,75-76-17/150,Jd58e,4,3,Jd54w,0,0,Jd29,Fujiyuho,Fujishima,Nagano,01.08.2000,2019.01,NA,178 cm 126 kg,Jd10,Jd8,86-75-14/161,Jd10w,3,4,4,3,Jd8e,3,4
2,5,Kirizakura,Michinoku,Kagoshima,26.05.1983,1999.03,NA,177 cm 88 kg,Sd69,Sd69,461-525-15/982,Jd61e,4,3,Jd70e,2,5,Jd30,Kototora,Sadogatake,Fukuoka,22.10.1994,2010.03,NA,168 cm 121 kg,Sd23,Sd23,257-274-8/530,Jd11w,3,4,4,3,Jd9e,2,5
0,7,Tsuyasato,Minato,Saitama,25.05.2001,2017.03,NA,169 cm 155 kg,Jd31,Jd31,77-99-41/176,Jd63e,4,3,Jd91w,5,2,Jd31,Satsumasho,Oitekaze,Kagoshima,06.08.1999,2022.01,Nihon University,184 cm 163 kg,Sd76,Sd76,29-27/56,Jd63w,4,3,3,4,Jd56w,4,3
6,1,Kazenoumi,Oshiogawa,Mongolia,29.01.2003,2022.09,NA,180 cm 144 kg,Jd32,Sd59,18-3/21,Jk11e,6,1,Sd59w,6,1,Jd32,Kotosato,Sadogatake,Chiba,13.06.2001,2022.11,NA,176 cm 169 kg,Jd32,Sd60,16-5/21,Jk11w,6,1,6,1,Sd60e,4,3
5,2,Chiyotaiyo,Kokonoe,Tokyo,17.08.2001,2018.05,NA,178 cm 78 kg,Sd89,Sd86,96-93-14/188,Jd3w,2,5,Sd86e,4,3,Jd33,Ai,Takadagawa,Tokushima,30.01.1999,2018.03,NA,177 cm 98 kg,Jd33,Jd33,91-119/209,Jd84e,5,2,2,5,Jd73e,4,3
5,2,Gohakuun,Takekuma,Hyogo,22.03.2005,2022.11,NA,173 cm 126 kg,Jd34,Sd87,17-4/21,Jk12w,6,1,Sd87e,6,1,Jd34,Asasorai,Takasago,Mie,19.11.1998,2021.03,NA,167 cm 80 kg,Jd8,Jd8,43-44-4/86,Jd84w,5,2,3,4,Jd59w,4,3
1,6,Okanojo,Dewanoumi,Fukushima,21.05.2003,2019.03,NA,165 cm 98 kg,Jd29,Jd29,74-89-5/161,Jd68e,4,3,Jd77w,4,1,Jd35,Matsumoto,Shikoroyama,Yamaguchi,24.03.2005,2020.03,NA,170 cm 141 kg,Jd31,Jd31,65-61/126,Jd85e,5,2,3,4,Jd65e,5,2
4,3,Hokutoizumi,Hakkaku,Hiroshima,27.02.1998,2016.03,NA,173 cm 122 kg,Jd4,Jd4,122-151-21/270,Jd4w,2,3,Jd14w,1,6,Jd36,Nakashima,Musashigawa,Oita,20.09.1998,2015.11,NA,179 cm 185 kg,Ms54,Ms54,138-107-63/244,Sd66w,0,0,0,0,Jd106w,0,0
1,6,Amamidake,Yamahibiki,Kagoshima,29.11.1984,2005.11,NA,178 cm 167 kg,Sd85,Sd85,319-395-7/714,Jd87e,5,2,Jd78e,2,5,Jd37,Ito,Shikoroyama,Saitama,31.01.2003,2021.07,NA,175 cm 170 kg,Sd77,Sd77,36-36-5/72,Sd77w,0,2,4,3,Jd15w,2,5
4,3,Asahimaru,Oshima,Gunma,09.03.2000,2019.03,NA,172 cm 110 kg,Jd22,Jd16,59-81-21/140,Jd70w,4,3,Jd16e,2,5,Jd38,Genbumaru,Onoe,Kumamoto,22.07.1995,2014.01,NA,171 cm 171 kg,Ms56,Ms56,183-188-14/371,Jd16w,3,4,4,3,Jd16w,4,3
4,3,Koshinoryu,Fujishima,Fukui,17.05.1979,1995.03,NA,179 cm 151 kg,Ms34,Ms34,573-573-23/1146,Jd17e,3,4,Jd17w,4,3,Jd39,Kurokage,Miyagino,Hokkaido,23.12.1997,2013.03,NA,183 cm 168 kg,Sd93,Sd93,187-213-20/399,Jd73w,4,3,3,4,Jd67w,3,4
3,4,Takatsukasa,Ikazuchi,Osaka,06.02.2002,2020.01,NA,172 cm 86 kg,Jd40,Jd40,57-70-6/126,Jd91e,5,2,Jd68e,3,4,Jd40,Mishima,Naruto,Shimane,18.09.2000,2019.05,NA,191 cm 140 kg,Ms38,Ms38,83-59-19/142,Sd70w,0,0,6,1,Sd65w,6,1
5,2,Kukio (Nakai),Onoe,Mie,08.03.1996,2014.01,NA,175 cm 150 kg,Sd58,Sd58,176-194-15/369,Jd7e,2,5,Jd4e,1,6,Jd41,Tsukubayama,Tatsunami,Ibaraki,22.11.2001,2020.03,NA,185 cm 112 kg,Sd76,Sd76,64-61-1/124,Jd2w,1,5,3,4,Jd72e,5,2
4,3,Chiyokozan,Kokonoe,Tokyo,23.05.2000,2019.05,NA,175 cm 144 kg,Sd85,Sd85,74-74-13/147,Jd76e,4,3,Jd19e,4,3,Jd42,Wakatozakura,Shikihide,Fukuoka,24.02.1992,2007.03,NA,185 cm 164 kg,Jd3,Jd3,269-389-7/658,Jd76w,4,3,2,5,Jd75w,2,5
3,4,Ojiyama,Tagonoura,Aichi,06.07.2001,2017.03,NA,191 cm 123 kg,Jd23,Jd23,97-142-14/239,Jd77e,4,3,Jd72w,5,2,Jd43,Jokoki,Musashigawa,Osaka,16.07.2006,2022.03,NA,175 cm 121 kg,Jd43,Jd43,22-25-2/47,Jd95w,5,2,2,5,Jd76w,3,4
5,2,Harimao (Akisada),Yamahibiki,Hyogo,08.07.2002,2021.03,NA,170 cm 119 kg,Sd69,Sd69,49-42/91,Jd18e,3,4,Jd5w,4,3,Jd44,Ouzakura,Shikihide,Akita,01.06.1992,2017.03,NA,164 cm 160 kg,Sd99,Sd99,119-133/252,Jd79w,4,3,2,5,Jd78w,3,4
3,3,Tochihayate,Kasugano,Tokyo,28.10.1991,2010.03,NA,167 cm 160 kg,Ms37,Ms37,246-221-72/463,Jd97w,5,2,Jd73w,3,4,Jd45,Adachi,Nishonoseki,Kanagawa,15.07.1985,2002.05,NA,181 cm 170 kg,Sd74,Sd74,384-478-6/862,Jd80w,4,3,2,5,Jd79e,3,4
3,4,Wakahizen,Shibatayama,Nagasaki,22.12.1990,2006.03,NA,171 cm 129 kg,Sd33,Sd33,327-379-1/705,Jd9e,2,5,Jd74e,4,3,Jd46,Hokutonami,Hakkaku,Hokkaido,16.08.1993,2012.03,NA,171 cm 125 kg,Sd92,Sd92,217-245/462,Jd21w,3,4,5,2,Jd7e,3,4
4,3,Kaitoma,Asakayama,Kanagawa,11.05.2001,2017.03,NA,182 cm 132 kg,Jd2,Jd2,118-117-17/235,Jd23e,3,4,Jd23e,3,2,Jd47,Taniguchi,Nishonoseki,Hyogo,03.08.2005,2021.03,NA,167 cm 127 kg,Jd23,Jd23,45-46/91,Jd23w,3,4,4,3,Jd23w,3,4
2,5,Wakayamanaka,Hanaregoma,Fukuoka,08.01.1996,2011.05,NA,175 cm 134 kg,Sd66,Sd66,203-228-45/430,Jd83w,4,3,Jd80w,4,3,Jd48,Setoyutaka,Tokitsukaze,Okayama,20.08.1998,2018.05,NA,176 cm 124 kg,Jd6,Jd6,80-105-18/185,Jd6w,1,6,3,4,Jd74w,4,3
3,4,Tochinoshima,Kasugano,Wakayama,03.05.1987,2006.03,NA,172 cm 132 kg,Sd5,Sd5,341-331-35/671,Jd10e,1,6,Jd75e,5,2,Jd49,Aoifuji,Isegahama,Kanagawa,28.06.2003,2021.11,NA,167 cm 94 kg,Jd27,Jd25,30-33/63,Jd27e,3,4,4,3,Jd25e,1,6
4,3,Kyokushozan,Oshima,Kanagawa,25.01.2001,2019.01,NA,169 cm 86 kg,Jd27,Jd25,82-83-10/165,Jd27w,3,4,Jd25w,3,4,Jd50,Wakatanaka,Nishiiwa,Hyogo,20.01.2005,2020.03,NA,177 cm 92 kg,Jd29,Jd10,62-64/126,Jd29e,3,4,5,2,Jd10e,4,3
4,3,Yukiamami,Tatsunami,Kagoshima,09.01.1998,2013.03,NA,185 cm 132 kg,Sd97,Sd97,194-210-16/403,Jd29w,3,4,Jd26w,3,4,Jd51,Hakuyo,Isenoumi,Tokyo,12.07.1998,2014.03,NA,176 cm 89 kg,Jd18,Jd12,163-202-13/363,Jd20e,2,5,5,2,Jd12e,3,4
4,3,Tamanowaka,Tamanoi,Hyogo,29.06.2002,2018.03,NA,181 cm 102 kg,Jd14,Jd14,86-104-20/189,Jd14e,1,6,Jd27e,2,5,Jd52,Nishikinoryu (Nishikiryu),Asahiyama,Gunma,28.10.2003,2019.03,NA,178 cm 130 kg,Sd39,Sd39,82-71-15/153,Jk7w,5,2,5,2,Jd14e,5,2
5,2,Ogitora,Dewanoumi,Aichi,24.03.2003,2018.03,NA,171 cm 97 kg,Sd93,Sd93,97-109-4/204,Jd32e,3,4,Jd15e,4,3,Jd53,Mori,Tamanoi,Fukushima,02.07.1992,2011.01,NA,172 cm 126 kg,Sd59,Sd59,228-258-18/484,Jd32w,3,4,3,4,Jd76e,2,5
2,5,Nishikimaru,Asahiyama,Chiba,03.04.2003,2019.03,NA,173 cm 147 kg,Jd28,Jd28,60-107-1/167,Jd88w,4,3,Jd82w,3,4,Jd54,Kirinohana,Michinoku,Toyama,08.01.2005,2020.03,NA,176 cm 77 kg,Jd54,Jd54,47-79/124,Jd89e,4,3,3,4,Jd77e,2,5
2,5,Shinseido,Yamahibiki,Hyogo,22.06.2003,2021.09,NA,170 cm 75 kg,Jd55,Jd55,25-38-7/63,Jd89w,4,3,Jd83e,2,5,Jd55,Kiryu,Miyagino,Yamanashi,09.06.1987,2003.03,NA,178 cm 174 kg,Sd40,Sd40,382-417-34/793,Jd22e,2,5,2,5,Jd83w,5,2
3,4,Takasu,Tagonoura,Ibaraki,04.05.2004,2020.03,NA,174 cm 128 kg,Jd22,Jd22,53-59-14/112,Jd22w,2,5,Jd79w,5,2,Jd56,Tsuru,Fujishima,Saitama,19.12.2004,2022.11,NA,176 cm 133 kg,Jd56,Jd18,14-7/21,Jk13w,5,2,5,2,Jd18e,4,3
3,4,Noguchi,Futagoyama,Ibaraki,09.08.2006,2022.03,NA,168 cm 149 kg,Jd57,Jd57,20-22/42,Jd90w,4,3,Jd80e,0,0,Jd57,Satonofuji (Asatofuji),Isegahama,Gunma,15.04.1977,1996.01,NA,170 cm 105 kg,Ms55,Ms55,543-572-19/1114,Jd91w,4,3,2,5,Jd85e,2,5
4,3,Hayashiryu,Nishonoseki,Nagano,04.07.2006,2022.03,NA,171 cm 129 kg,Sd80,Sd80,24-25/49,Jd24w,2,5,Jd32e,2,5,Jd58,Mitozakura,Hakkaku,Nagasaki,16.04.1992,2008.03,NA,180 cm 152 kg,Ms40,Ms40,301-299-23/598,Sd88w,0,0,6,1,Sd79w,1,3
4,3,Tenichi,Yamahibiki,Niigata,22.11.1977,1993.03,NA,176 cm 149 kg,Ms10,Ms10,609-630-14/1238,Jd25w,2,5,Jd33w,2,5,Jd59,Hishuyama,Sakaigawa,Kumamoto,08.07.2004,2020.03,NA,170 cm 106 kg,Jd49,Jd34,48-71-7/119,Jd94w,4,3,4,3,Jd34w,1,6
1,6,Shishimaru,Tagonoura,Tokyo,25.10.2002,2018.03,NA,174 cm 142 kg,Jd60,Jd60,62-135-14/197,Jd95e,4,3,Jd88w,1,6,Jd60,Suguro,Fujishima,Saitama,09.04.1997,2021.11,Takushoku University,167 cm 152 kg,Ms50,Ms50,33-7-30/40,Sd90w,0,0,7,0,Sd60w,5,2
3,4,Satotanaka,Nishiiwa,Hyogo,26.10.2006,2022.03,NA,180 cm 104 kg,Jd36,Jd36,24-25/49,Jd36e,3,4,Jd81e,4,3,Jd61,Kogomaru,Shikihide,Kanagawa,08.03.1995,2020.03,Kokugakuin University,169 cm 139 kg,Jd39,Jd20,54-67-5/120,Jd97e,4,3,5,2,Jd20w,1,4
3,4,Okuniiwa (Okunidake),Oitekaze,Tokyo,18.09.1992,2010.11,NA,185 cm 128 kg,Sd95,Sd95,243-268/511,Jd31w,2,5,Jd81w,4,3,Jd62,Denzan (Migikataagari),Otake,Yamaguchi,08.06.1988,2004.03,NA,174 cm 150 kg,Ms29,Ms29,388-386-10/772,Jd33e,2,1,3,4,NA,NA,NA
3,4,Mogaminishiki,Kise,Yamagata,28.10.1982,2001.03,NA,180 cm 155 kg,Sd65,Sd65,408-499-10/905,Jd100w,4,3,Jd82e,3,4,Jd63,Kokuryunami,Tatsunami,Fukuoka,20.04.1995,2014.03,NA,178 cm 114 kg,Jd20,Jd20,165-178-21/343,Jd44e,3,4,4,3,Jd37e,3,4
2,5,Koga,Futagoyama,Mie,12.12.2005,2021.09,NA,176 cm 94 kg,Jd64,Jd64,23-44-3/67,Jd102e,4,3,Jd87e,0,7,Jd64,Fujinoteru,Onoe,Tokyo,24.08.1998,2014.03,NA,167 cm 87 kg,Jd26,Jd26,151-213-14/364,Jd44w,3,4,4,3,Jd37w,3,4
1,6,Azumayama,Tamanoi,Fukushima,10.06.1994,2010.05,NA,183 cm 122 kg,Jd60,Jd60,155-364-13/515,Jk1w,4,3,Jd92w,2,5,Jd65,Sadanojo,Sakaigawa,Chiba,05.01.2005,2020.03,NA,168 cm 128 kg,Jd64,Jd64,43-83/125,Jk2e,4,3,0,7,Jd108w,1,6
4,3,Zuitenryu (Mizuno),Sakaigawa,Gifu,02.12.2005,2021.03,NA,175 cm 127 kg,Jd5,Jd5,48-43/91,Jd45e,3,4,Jd39e,4,3,Jd66,Wakakaneko,Nishiiwa,Kochi,15.09.2004,2020.03,NA,173 cm 94 kg,Jd26,Jd26,53-41-32/94,Jk4w,4,3,5,2,Jd26e,0,0
4,3,Tochikasuga,Kasugano,Aichi,01.10.1983,1999.03,NA,177 cm 139 kg,Sd12,Sd12,481-518-2/997,Jd37e,2,5,Jd41e,2,5,Jd67,Okuyama,Hakkaku,Hokkaido,03.06.2003,2022.03,NA,179 cm 136 kg,Jd39,Jd39,17-18-7/34,Jd39e,2,5,3,4,Jd84e,4,3
4,3,Fubu,Musashigawa,Tokyo,28.07.1998,2014.05,NA,179 cm 102 kg,Jd37,Jd37,141-193-23/334,Jk10e,4,3,Jd41w,2,5,Jd68,Gonowaka,Takekuma,Saitama,15.11.2004,2022.11,NA,176 cm 111 kg,Jd68,Sd88,14-7/21,Jk12e,4,3,6,1,Sd88w,4,3
2,5,Tamatensho,Kataonami,Tokyo,14.05.2005,2021.05,NA,170 cm 103 kg,Jd23,Jd23,39-45/83,Jd51e,3,4,Jd90e,4,3,Jd69,Daishimatsu,Onomatsu,Chiba,07.05.2003,2022.03,NA,175 cm 176 kg,Jd24,Jd24,27-22/49,Jd51w,3,4,3,4,Jd85w,6,1
5,2,Kazeeidai,Oshiogawa,Saitama,05.07.2004,2022.11,NA,178 cm 110 kg,Jd70,Jd28,14-7/21,Jk13e,4,3,Jd28w,5,2,Jd70,Kosei,Minato,Niigata,02.02.2006,2022.11,NA,181 cm 115 kg,Jd70,Jd29,14-7/21,Jk15e,4,3,5,2,Jd29e,5,2
0,1,Higonoryu,Kise,Kumamoto,19.11.1985,2004.03,NA,173 cm 180 kg,Sd7,Sd7,362-423-6/784,Jd42e,2,5,Jk3e,4,3,Jd71,Gaia,Tatsunami,Mie,02.12.2005,2021.09,NA,174 cm 70 kg,Jd42,Jd31,34-36/70,Jd42w,2,5,5,2,Jd31e,4,3
4,3,Hatachijo,Yamahibiki,Miyazaki,19.03.1985,2003.03,NA,182 cm 151 kg,Sd66,Sd66,384-442-7/826,Jd34e,1,6,Jd42w,2,5,Jd72,Daitenshin,Onomatsu,Fukuoka,19.05.2005,2021.05,NA,171 cm 108 kg,Jd35,Jd35,34-50/83,Jd35e,1,6,3,4,Jd86e,3,4
3,4,Akinishiki,Asahiyama,Hiroshima,10.10.1999,2018.03,NA,167 cm 76 kg,Jd40,Jd40,91-119/210,Jd53w,3,4,Jd86w,3,4,Jd73,Hokutoyakumo,Hakkaku,Hokkaido,13.01.2004,2019.03,NA,177 cm 133 kg,Sd85,Sd85,73-70-18/142,Jd3e,0,0,0,0,NA,NA,NA
4,3,Maenofuji,Takadagawa,Chiba,07.08.1982,1998.11,NA,178 cm 129 kg,Ms53,Ms53,487-527-1/1013,Jd54w,3,4,Jd44e,4,3,Jd74,Kazunofuji,Isegahama,Ibaraki,14.10.2004,2020.03,NA,167 cm 93 kg,Jd27,Jd27,53-73/126,Jd46w,2,5,2,5,Jd92e,5,2
3,4,Wakaonehara,Nishiiwa,Tokyo,12.06.2003,2020.03,NA,167 cm 73 kg,Jd57,Jd57,47-52-20/98,Jd57e,3,4,Jd87w,5,2,Jd75,Satsumao,Shikihide,Kagoshima,26.07.2000,2016.07,NA,183 cm 120 kg,Jd31,Jd31,122-156-2/277,Jd58w,3,4,5,2,Jd32w,3,4
3,4,Chiyooume,Kokonoe,Tokyo,03.01.1986,2004.03,NA,173 cm 95 kg,Sd62,Sd62,332-383-55/715,Jd60e,3,4,Jd88e,3,4,Jd76,Sakura,Takadagawa,Osaka,17.10.1986,2003.05,NA,174 cm 121 kg,Jd5,Jd5,346-480/826,Jd65w,3,4,2,5,Jd93w,2,5
2,5,Shinzan,Takasago,Kanagawa,27.01.1982,1997.03,NA,185 cm 141 kg,Sd30,Sd30,505-573-7/1078,Jd48e,1,6,Jd94e,3,4,Jd77,Kinseiryu,Shibatayama,Yamaguchi,15.04.2001,2020.03,NA,177 cm 99 kg,Jd45,Jd45,46-73-7/118,Jd56e,2,5,3,4,Jd89e,4,3
3,4,Tsurunoumi,Shikoroyama,Osaka,07.02.2004,2019.03,NA,170 cm 72 kg,Jd56,Jd56,67-95-6/162,Jd56w,2,5,Jd89w,4,3,Jd78,Hokutoshin,Hakkaku,Nagano,10.11.2001,2017.03,NA,172 cm 130 kg,Jd29,Jd29,105-134-13/239,Jd66e,3,4,4,3,Jd48e,4,3
2,5,Watatani,Arashio,Ishikawa,07.07.1999,2015.05,NA,175 cm 92 kg,Jd36,Jd36,136-170-23/306,Jd53e,1,4,Jd96e,4,3,Jd79,Kotokiho (Kotomaeda),Sadogatake,Wakayama,15.11.2002,2018.03,NA,169 cm 96 kg,Jd7,Jd7,94-108-8/200,Jd68w,3,4,4,3,Jd48w,3,4
4,3,Dairinzan,Arashio,Aichi,17.09.2003,2022.03,NA,180 cm 135 kg,Jd28,Jd28,25-24/49,Jd71w,3,4,Jd50e,5,2,Jd80,Hirose,Arashio,Tokushima,18.10.1988,2009.09,NA,177 cm 142 kg,Sd61,Sd61,266-287-7/553,Jd72e,3,4,5,2,Jd35e,3,4
5,2,Takaarashi,Tagonoura,Saitama,28.12.2006,2022.03,NA,171 cm 105 kg,Jd54,Jd36,23-19-7/42,Jd72w,3,4,Jd36w,4,3,Jd81,Shoryudo,Shikihide,Aichi,29.04.1995,2014.07,NA,174 cm 115 kg,Jd51,Jd51,140-209-15/348,Jd62e,2,5,1,6,Jd99w,4,3
3,4,Nihonmatsu,Shikihide,Fukushima,09.12.1999,2017.03,NA,170 cm 99 kg,Jd37,Jd37,104-147-1/250,Jd74e,3,4,Jd90w,3,4,Jd82,Daitensho,Oitekaze,Aichi,11.01.2006,2021.05,NA,172 cm 103 kg,Jd64,Jd64,29-54-1/83,Jd64e,2,5,3,4,Jd91e,2,5
3,4,Asanoshima,Takasago,Kagoshima,09.10.1989,2005.03,NA,168 cm 140 kg,Sd98,Sd98,292-348-18/639,Jd78e,3,4,Jd93e,3,4,Jd83,Yamana (Wakayamana),Onoe,Hyogo,17.03.1998,2016.01,NA,163 cm 98 kg,Jd21,Jd21,130-157-14/287,Jd79e,3,4,4,3,Jd52w,3,4
4,3,Wakaikki,Hanaregoma,Fukuoka,16.04.1998,2014.03,NA,172 cm 123 kg,Jd23,Jd23,141-234-3/374,Jd69w,2,5,Jd53e,3,4,Jd84,Matsuzawa,Tagonoura,Saitama,14.06.2005,2021.03,NA,166 cm 69 kg,Jd70,Jd70,24-46-21/70,Jd70e,2,5,2,5,Jd97w,4,3
5,2,Matsugashima,Takadagawa,Shizuoka,19.09.2002,2018.03,NA,176 cm 117 kg,Jd21,Jd21,87-123/210,Jd81w,3,4,Jd39w,3,4,Jd85,Sakurai,Naruto,Ibaraki,15.03.1997,2019.05,Nippon Sport Science University,184 cm 122 kg,Ms57,Ms57,70-49-42/119,Jd15w,0,0,0,0,Jk3w,1,0
5,2,Mabuchi,Musashigawa,Gifu,19.12.2004,2020.07,NA,184 cm 154 kg,Jd19,Jd19,55-62-2/117,Jd82e,3,4,Jd40w,4,3,Jd86,Wakaarata,Nishiiwa,Osaka,16.11.2002,2018.03,NA,167 cm 116 kg,Jd67,Jd67,73-137/210,Jd67w,1,6,1,6,Jd101w,3,4
6,1,Takashoki,Tokiwayama,Aichi,09.12.2005,2021.03,NA,186 cm 127 kg,Sd62,Sd62,43-40-8/82,Jd82w,3,3,Jd11e,2,5,Jd87,Asashorei,Takasago,Aichi,23.12.2004,2020.03,NA,170 cm 91 kg,Jd48,Jd48,54-72/126,Jd83e,3,4,2,5,Jd99e,5,2
4,3,Najima,Minato,Kumamoto,18.04.2006,2022.03,NA,177 cm 67 kg,Jd71,Jd55,21-28/49,Jd86e,3,4,Jd55e,2,5,Jd88,Takeazuma,Tamanoi,Saitama,23.02.2001,2017.03,NA,171 cm 109 kg,Jd39,Jd39,97-147-8/243,Jd77w,2,5,3,4,Jd94w,5,2
5,2,Takemaru,Miyagino,Yamanashi,21.07.2001,2017.03,NA,165 cm 158 kg,Jd38,Jd38,100-123-22/223,Jd80e,2,5,Jd43e,2,5,Jd89,Chiyofuku,Kokonoe,Tochigi,02.09.2004,2020.07,NA,174 cm 148 kg,Jd66,Jd66,40-65-14/105,Jd81e,2,5,3,4,Jd95e,4,3
4,3,Asadoji,Takasago,Hyogo,31.03.2000,2015.03,NA,171 cm 88 kg,Jd23,Jd23,137-194-6/328,Jd74w,1,6,Jd56e,4,3,Jd90,Okuniyama,Asahiyama,Tokyo,18.09.1992,2008.03,NA,189 cm 148 kg,Sd79,Sd79,255-321-19/575,Jd92e,3,4,3,4,Jd95w,3,4
4,3,Naniwamusashi,Musashigawa,Osaka,13.02.2004,2019.03,NA,174 cm 90 kg,Jd31,Jd31,63-89-16/152,Jd93e,3,4,Jd57e,2,5,Jd91,Takabaho,Miyagino,Gunma,23.03.2003,2021.03,NA,167 cm 96 kg,Jd31,Jd31,35-49-7/84,Jd31e,0,7,4,3,Jd57w,3,4
3,4,Azumanami,Tamanoi,Fukushima,29.11.1984,2007.09,NA,173 cm 162 kg,Sd55,Sd55,270-307-60/575,Jd94e,3,4,Jd96w,4,3,Jd92,Tamanotora,Kataonami,Osaka,22.12.2005,2021.03,NA,173 cm 106 kg,Jd70,Jd70,33-58/90,Jd85w,2,5,2,5,Jd100e,3,4
2,5,Terunosato,Tagonoura,Ehime,27.01.1978,1993.03,NA,178 cm 167 kg,Sd23,Sd23,571-635-47/1202,Jd86w,2,5,Jd100w,1,6,Jd93,Sonoshun,Arashio,Kagoshima,18.11.2002,2021.03,NA,167 cm 75 kg,Jd56,Jd56,32-54-5/86,Jd96e,3,4,3,4,Jd97e,0,2
4,3,Wakasa,Dewanoumi,Hokkaido,16.10.2003,2022.03,NA,170 cm 82 kg,Jd82,Jd59,19-27-3/45,Jd96w,3,4,Jd59e,2,5,Jd94,Kotofuno,Sadogatake,Shimane,07.07.2006,2022.03,NA,171 cm 136 kg,Jd73,Jd73,18-24-7/42,Jd87w,2,5,1,0,Jd105e,4,3
4,3,Urutora,Shikihide,Tochigi,08.05.1989,2010.09,NA,166 cm 65 kg,Jd38,Jd38,154-217-63/371,Jd88e,2,5,Jd61e,3,4,Jd95,Minorufuji,Isegahama,Kanagawa,08.05.2002,2020.11,NA,173 cm 98 kg,Sd89,Sd89,49-42-14/91,Jd25e,0,0,0,0,Jk4e,5,2
3,4,Hokutosato,Hakkaku,Hiroshima,08.08.1992,2011.05,NA,179 cm 131 kg,Jd54,Jd54,166-325-6/491,Jd98e,3,4,Jd98e,3,4,Jd96,Sano,Dewanoumi,Fukuoka,13.06.2006,2022.03,NA,175 cm 131 kg,Jd96,Jd96,14-25-10/38,Jd102w,3,4,3,4,Jd98w,0,0
4,3,Nishikiori,Miyagino,Tokyo,16.07.2006,2022.03,NA,176 cm 120 kg,Jd82,Jd62,16-33/49,Jk2w,3,4,Jd62e,1,6,Jd97,Wakasei,Nishiiwa,Miyazaki,04.04.2003,2022.03,NA,177 cm 88 kg,Jd97,Jd97,16-34/50,Jk4e,3,4,2,5,Jd101e,3,4
4,3,Agazumazakura,Shikihide,Aichi,15.03.2005,2020.03,NA,167 cm 99 kg,Jd58,Jd58,40-83-3/121,Jd100e,2,5,Jd63w,1,6,Jd98,Hamasaki,Otake,Fukuoka,30.09.2000,2019.03,NA,177 cm 135 kg,Jd83,Jd47,37-69-13/106,Jd101e,2,5,5,2,Jd47e,1,6
4,3,Tsubakifuji,Isegahama,Gifu,11.01.1989,2004.03,NA,176 cm 134 kg,Sd58,Sd58,362-418-11/779,Jk7e,3,4,Jd64e,2,5,Jd99,Anzakura,Ajigawa,Aomori,26.02.2005,2022.11,NA,174 cm 93 kg,Jd99,Jd20,9-12/21,Jk14e,3,4,6,1,Jd20e,0,7
6,1,Kitanosho,Hanaregoma,Fukui,18.01.2003,2022.11,NA,190 cm 105 kg,Jd100,Jd21,13-8/21,Jk14w,3,4,Jd21e,4,3,Jd100,Shokeima,Kise,Tokyo,11.02.1997,2016.05,NA,168 cm 102 kg,Jd25,Jd25,107-146-20/251,Jk16e,3,4,5,2,Jd50w,2,5
4,3,Detachi,Miyagino,Osaka,06.07.2006,2022.03,NA,186 cm 130 kg,Jd81,Jd65,17-26-6/43,Jd99e,1,0,Jd65w,3,4,Jd101,Kyonosato,Isenoumi,Kyoto,26.09.1996,2015.03,NA,186 cm 166 kg,Jd65,Jd65,111-215-12/323,Jd99w,1,6,1,5,Jd105w,4,3
2,5,Moriurara,Otake,Chiba,16.06.1987,2003.05,NA,167 cm 136 kg,Jd56,Jd56,258-558-10/815,Jk3e,2,5,Jd106e,3,4,Jk1,Itakozakura (Itako),Shikihide,Ibaraki,02.10.1978,1994.03,NA,178 cm 139 kg,Jd19,Jd19,502-698-13/1198,Jk3w,2,5,1,7,Jk1e,3,3
3,4,Yamadaumi,Dewanoumi,Hyogo,15.02.2006,2022.05,NA,171 cm 108 kg,Jk1,Jd102,12-27-3/38,Jk1e,1,6,Jd102e,2,5,Jk2,Kanryu,Arashio,Tochigi,18.04.1992,2008.03,NA,178 cm 113 kg,Sd21,Sd21,289-303-31/592,Jk5w,1,0,4,3,Jd66e,4,3
1,6,Soga,Isenoumi,Iwate,25.07.2006,2022.03,NA,175 cm 92 kg,Jk3,Jk1,8-42/48,Jk6e,1,6,Jk1w,2,5,Jk3,Takatairiku,Tokiwayama,Gifu,01.07.2005,2021.03,NA,165 cm 94 kg,Jk3,Jd107,16-59-9/74,Jk6w,1,5,2,5,Jd107e,2,5
3,4,Wakayahara,Nishiiwa,Osaka,09.03.2005,2020.03,NA,168 cm 86 kg,Jd66,Jd66,40-62-24/101,Jk8w,1,0,Jd102w,3,4,Jk4,Nakaishi,Hanaregoma,Aichi,24.07.1998,2014.03,NA,183 cm 132 kg,Sd30,Sd30,151-148-79/299,Jk9e,1,0,1,0,Jk2e,1,0
1,6,Sawaisamu (Momochizakura),Shikihide,Tokyo,07.02.1977,1992.07,NA,169 cm 106 kg,Jd53,Jd53,393-789-24/1178,Jk15w,1,6,Jk2w,2,5,Jk5,Chiyotsurugi,Kokonoe,Chiba,18.06.2003,2019.07,NA,168 cm 90 kg,Jd38,Jd38,41-50-35/91,Jd38w,0,0,0,0,Mz,0,1
3,4,Fukuazuma,Tamanoi,Fukushima,24.11.1999,2015.05,NA,172 cm 141 kg,Sd70,Sd70,148-159-22/306,Jd40e,0,0,Jd103e,6,1,Jk6,Chiyotensho,Kokonoe,Aichi,06.12.2004,2020.07,NA,172 cm 95 kg,Jd47,Jd47,41-50-21/91,Jd47e,0,0,0,0,Mz,3,2
0,2,Oyamazakura,Shikihide,Ibaraki,15.08.2006,2022.03,NA,180 cm 115 kg,Jd47,Jd47,14-17-18/29,Jd47w,0,1,Jk4w,0,0,Jk7,Iitsuka,Tagonoura,Ibaraki,04.01.2001,2019.03,NA,172 cm 138 kg,Jd2,Jd2,74-73-21/147,Jd50e,0,0,4,3,Jd66w,5,2
3,4,Kirimaru,Michinoku,Aichi,05.04.1985,2001.03,NA,172 cm 157 kg,Jd20,Jd20,377-522-18/898,Jd64w,0,7,Jd103w,2,5,Jk8,Sachinofuji,Isegahama,Saitama,06.03.2006,2022.07,NA,168 cm 79 kg,Jd55,Jd55,14-8-13/22,Jd55e,0,0,3,4,Jd104e,5,2
3,4,Zuiko,Tatsunami,Okinawa,26.03.2002,2017.03,NA,173 cm 86 kg,Jd46,Jd46,97-140-8/237,Jd59e,0,0,Jd104w,0,0,Jk9,Kenho,Tokitsukaze,Miyagi,10.02.1989,2011.05,NA,180 cm 206 kg,Ms59,Ms59,212-198-80/403,Jd62w,0,0,4,3,Jd68w,4,3
0,1,Motokiyama,Tamanoi,Nagano,15.12.1991,2008.03,NA,171 cm 115 kg,Sd74,Sd74,277-319-27/595,Jd69e,0,0,Jk5e,4,3,Jk10,Yoshinofuji,Isegahama,Aomori,20.07.2001,2021.03,NA,170 cm 94 kg,Jd69,Jd69,26-48-10/74,Jd90e,0,6,0,0,Bg,0,0
0,0,Ryubumaru,Musashigawa,Gifu,11.07.1998,2014.05,NA,185 cm 151 kg,Sd66,Sd66,155-158-51/312,Jd101w,0,0,Bg,0,0,Jk11,Asahakuryu,Takasago,Mongolia,08.01.1999,2022.11,Takushoku University,181 cm 146 kg,Jk11,Jd13,13-1/14,Mz,3,0,7,0,Jd13w,6,1
5,2,Satorufuji,Isegahama,Shizuoka,29.05.2004,2023.01,NA,177 cm 161 kg,Jk12,Jd60,12-2/14,Mz,3,1,Jd60e,7,0,Jk12,Nagamura,Kise,Miyazaki,30.06.2004,2023.01,NA,172 cm 133 kg,Jk12,Jd69,10-4/14,Mz,3,0,4,3,Jd69e,6,1
6,1,Wakaikari,Isenoumi,Tokyo,22.02.2005,2023.01,NA,175 cm 109 kg,Jk13,Jd33,11-3/14,Mz,3,1,Jd33e,5,2,Jk13,Gonoumi,Takekuma,Shiga,19.05.2004,2023.01,NA,178 cm 128 kg,Jk13,Jd34,12-2/14,Mz,3,2,6,1,Jd34e,6,1
5,2,Kobayashi,Kasugano,Saitama,07.05.2004,2023.01,NA,177 cm 135 kg,Jk14,Jd63,10-4/14,Mz,2,3,Jd63e,5,2,Jk14,Tokinishiki,Asahiyama,Mongolia,18.05.2003,2022.11,NA,178 cm 125 kg,Jk14,Jd69,10-4/14,Mz,1,4,4,3,Jd69w,6,1
2,5,Agora,Ajigawa,Gifu,06.08.1999,2023.01,NA,184 cm 147 kg,Jk15,Jd107,7-7/14,Mz,1,4,Jd107w,5,2,Jk15,Fujinonami,Fujishima,Tokushima,21.12.1999,2018.03,NA,165 cm 102 kg,Jd36,Jd36,74-87-28/159,Jk5e,0,1,2,5,Jd108e,4,3
4,3,Miyaji,Takadagawa,Tokyo,17.06.2004,2023.01,NA,177 cm 93 kg,Jk16,Jd71,5-9/14,Mz,0,4,Jd71e,1,6,Jk16,NA,NA,NA,NA,NA,NA,NA,NA,NA,NA,NA,NA,NA,NA,NA,NA,NA,NA
Rikishi,Heya,Shusshin,Birth Date,Hatsu Dohyo,University,Height/Weight,Highest,Career,Career Record,Previous Rank,Prev W,Prev L,Next Rank,Next W,Next L,NA,NA,NA,NA,NA,NA,NA,NA,NA,NA,NA,NA,NA,NA,NA,NA,NA,NA,NA,NA,NA
Higohikari,Kise,Kumamoto,27.01.1988,2003.03,NA,172 cm 113 kg,Jd57,Jd57,253-551-18/804,Jk8e,0,0,Jk6e,0,7,NA,NA,NA,NA,NA,NA,NA,NA,NA,NA,NA,NA,NA,NA,NA,NA,NA,NA,NA,NA,NA
Hokutoshio,Hakkaku,Aomori,22.06.2000,2016.03,NA,173 cm 125 kg,Jd11,Jd11,110-156-14/266,Jk9w,0,0,NA,NA,NA,NA,NA,NA,NA,NA,NA,NA,NA,NA,NA,NA,NA,NA,NA,NA,NA,NA,NA,NA,NA,NA
Izumigawa,Shibatayama,Kyoto,12.05.1997,2016.01,NA,180 cm 121 kg,Ms56,Ms56,130-129-21/259,Bg,0,0,Bg,0,0,NA,NA,NA,NA,NA,NA,NA,NA,NA,NA,NA,NA,NA,NA,NA,NA,NA,NA,NA,NA,NA
Chikureisen,Michinoku,Fukuoka,25.09.1998,2017.01,NA,169 cm 91 kg,Jd11,Jd11,91-101-39/192,Bg,0,0,Jk5w,4,3,NA,NA,NA,NA,NA,NA,NA,NA,NA,NA,NA,NA,NA,NA,NA,NA,NA,NA,NA,NA,NA
Teraosho,Shikoroyama,Miyagi,25.04.1989,2005.03,NA,181 cm 172 kg,Sd25,Sd25,328-336-57/663,Bg,0,0,Bg,0,0,NA,NA,NA,NA,NA,NA,NA,NA,NA,NA,NA,NA,NA,NA,NA,NA,NA,NA,NA,NA,NA
Chikunokura,Musashigawa,Fukuoka,21.06.2002,2018.03,NA,174 cm 131 kg,Sd96,Sd96,81-80-21/159,Bg,0,0,NA,NA,NA,NA,NA,NA,NA,NA,NA,NA,NA,NA,NA,NA,NA,NA,NA,NA,NA,NA,NA,NA,NA,NA
Hokuozan (Hagiwara),Naruto,Hokkaido,16.06.1997,2020.03,Takushoku University,182 cm 122 kg,Ms35,Ms35,39-17-42/56,Bg,0,0,Bg,0,0,NA,NA,NA,NA,NA,NA,NA,NA,NA,NA,NA,NA,NA,NA,NA,NA,NA,NA,NA,NA,NA
Raikisho,Tokiwayama,Osaka,17.10.2006,2022.03,NA,171 cm 94 kg,Jk6,Jk6,3-4-7/7,Bg,0,0,Mz,3,3,NA,NA,NA,NA,NA,NA,NA,NA,NA,NA,NA,NA,NA,NA,NA,NA,NA,NA,NA,NA,NA
Yamane,Naruto,Shimane,14.11.2003,2019.05,NA,169 cm 117 kg,Jd8,Jd8,50-48-28/98,Bg,0,0,Bg,0,0,NA,NA,NA,NA,NA,NA,NA,NA,NA,NA,NA,NA,NA,NA,NA,NA,NA,NA,NA,NA,NA
Reonmaru (Reon),Shikihide,Chiba,02.08.1999,2016.03,NA,171 cm 167 kg,Jd12,Jd12,96-97-45/191,Bg,0,0,Jk6w,6,1,NA,NA,NA,NA,NA,NA,NA,NA,NA,NA,NA,NA,NA,NA,NA,NA,NA,NA,NA,NA,NA
Fujiizumi,Nishikido,Yamanashi,05.04.2004,2021.01,NA,184 cm 158 kg,Sd91,Sd91,18-10-28/28,Bg,0,0,Bg,0,0,NA,NA,NA,NA,NA,NA,NA,NA,NA,NA,NA,NA,NA,NA,NA,NA,NA,NA,NA,NA,NA
Kagamio,Isenoumi,Mongolia,09.02.1988,2003.07,NA,183 cm 149 kg,M9,M9,437-408-65/835,Bg,0,0,NA,NA,NA,NA,NA,NA,NA,NA,NA,NA,NA,NA,NA,NA,NA,NA,NA,NA,NA,NA,NA,NA,NA,NA
Kotootomo,Sadogatake,Nagano,13.02.1998,2016.03,NA,188 cm 122 kg,Sd56,Sd56,89-89-25/177,Bg,0,0,Bg,0,0,NA,NA,NA,NA,NA,NA,NA,NA,NA,NA,NA,NA,NA,NA,NA,NA,NA,NA,NA,NA,NA
Ounabara,Shikoroyama,Hiroshima,19.01.1986,2004.01,NA,182 cm 173 kg,Sd22,Sd22,258-269-33/526,Bg,0,0,NA,NA,NA,NA,NA,NA,NA,NA,NA,NA,NA,NA,NA,NA,NA,NA,NA,NA,NA,NA,NA,NA,NA,NA
Daishoheki,Oitekaze,Kagawa,19.07.2004,2023.03,NA,177 cm 160 kg,Bg,Jk7,4-3/7,NA,NA,NA,Jk7e,4,3,NA,NA,NA,NA,NA,NA,NA,NA,NA,NA,NA,NA,NA,NA,NA,NA,NA,NA,NA,NA,NA
Daibasho,Oitekaze,Gifu,21.03.2008,2023.03,NA,166 cm 102 kg,Bg,Jk7,3-4/7,NA,NA,NA,Jk7w,3,4,NA,NA,NA,NA,NA,NA,NA,NA,NA,NA,NA,NA,NA,NA,NA,NA,NA,NA,NA,NA,NA
Yumenofuji,Isegahama,Ehime,02.02.2008,2023.03,NA,181 cm 130 kg,Bg,Jk8,5-2/7,NA,NA,NA,Jk8e,5,2,NA,NA,NA,NA,NA,NA,NA,NA,NA,NA,NA,NA,NA,NA,NA,NA,NA,NA,NA,NA,NA
Makotofuji,Isegahama,Ehime,24.05.2007,2023.03,NA,175 cm 144 kg,Bg,Jk8,3-4/7,NA,NA,NA,Jk8w,3,4,NA,NA,NA,NA,NA,NA,NA,NA,NA,NA,NA,NA,NA,NA,NA,NA,NA,NA,NA,NA,NA
Masarufuji,Isegahama,Ibaraki,06.11.2007,2023.03,NA,172 cm 85 kg,Bg,Jk9,3-4/7,NA,NA,NA,Jk9e,3,4,NA,NA,NA,NA,NA,NA,NA,NA,NA,NA,NA,NA,NA,NA,NA,NA,NA,NA,NA,NA,NA
Miyatani,Musashigawa,Shizuoka,08.05.2007,2023.03,NA,178 cm 119 kg,Bg,Jk9,3-4/7,NA,NA,NA,Jk9w,3,4,NA,NA,NA,NA,NA,NA,NA,NA,NA,NA,NA,NA,NA,NA,NA,NA,NA,NA,NA,NA,NA
Soseizan,Nishonoseki,Tokyo,03.07.2004,2023.03,NA,186 cm 138 kg,Bg,Jk10,4-3/7,NA,NA,NA,Jk10e,4,3,NA,NA,NA,NA,NA,NA,NA,NA,NA,NA,NA,NA,NA,NA,NA,NA,NA,NA,NA,NA,NA
Datenoumi,Isenoumi,Miyagi,12.01.2005,2023.03,NA,192 cm 178 kg,Bg,Jk10,3-4/7,NA,NA,NA,Jk10w,3,4,NA,NA,NA,NA,NA,NA,NA,NA,NA,NA,NA,NA,NA,NA,NA,NA,NA,NA,NA,NA,NA
Datenomori,Isenoumi,Miyagi,12.01.2005,2023.03,NA,191 cm 180 kg,Bg,Jk11,4-3/7,NA,NA,NA,Jk11e,4,3,NA,NA,NA,NA,NA,NA,NA,NA,NA,NA,NA,NA,NA,NA,NA,NA,NA,NA,NA,NA,NA
Fujiso,Nishonoseki,Kochi,14.10.2004,2023.03,NA,185 cm 133 kg,Bg,Jk11,4-3/7,NA,NA,NA,Jk11w,4,3,NA,NA,NA,NA,NA,NA,NA,NA,NA,NA,NA,NA,NA,NA,NA,NA,NA,NA,NA,NA,NA
Kuwae,Futagoyama,Kanagawa,20.09.2004,2023.03,NA,173 cm 122 kg,Bg,Jk12,5-2/7,NA,NA,NA,Jk12e,5,2,NA,NA,NA,NA,NA,NA,NA,NA,NA,NA,NA,NA,NA,NA,NA,NA,NA,NA,NA,NA,NA
Kiyonoyama,Dewanoumi,Fukushima,24.12.2007,2023.03,NA,173 cm 91 kg,Bg,Jk12,5-2/7,NA,NA,NA,Jk12w,5,2,NA,NA,NA,NA,NA,NA,NA,NA,NA,NA,NA,NA,NA,NA,NA,NA,NA,NA,NA,NA,NA
Higonomaru,Kise,Kumamoto,19.12.2004,2023.03,NA,185 cm 144 kg,Bg,Jk13,6-1/7,NA,NA,NA,Jk13e,6,1,NA,NA,NA,NA,NA,NA,NA,NA,NA,NA,NA,NA,NA,NA,NA,NA,NA,NA,NA,NA,NA
Keiga,Futagoyama,Tochigi,02.09.2007,2023.03,NA,184 cm 126 kg,Bg,Jk13,4-3/7,NA,NA,NA,Jk13w,4,3,NA,NA,NA,NA,NA,NA,NA,NA,NA,NA,NA,NA,NA,NA,NA,NA,NA,NA,NA,NA,NA
Katsunishiki,Nishikido,Shizuoka,16.08.2007,2023.03,NA,165 cm 94 kg,Bg,Jk14,2-5/7,NA,NA,NA,Jk14e,2,5,NA,NA,NA,NA,NA,NA,NA,NA,NA,NA,NA,NA,NA,NA,NA,NA,NA,NA,NA,NA,NA
Saito,Tamanoi,Hyogo,29.08.2007,2023.03,NA,172 cm 114 kg,Bg,Jk14,2-5/7,NA,NA,NA,Jk14w,2,5,NA,NA,NA,NA,NA,NA,NA,NA,NA,NA,NA,NA,NA,NA,NA,NA,NA,NA,NA,NA,NA
Soma,Futagoyama,Tochigi,03.09.2004,2023.03,NA,178 cm 129 kg,Bg,Jk15,5-2/7,NA,NA,NA,Jk15e,5,2,NA,NA,NA,NA,NA,NA,NA,NA,NA,NA,NA,NA,NA,NA,NA,NA,NA,NA,NA,NA,NA
Shimabukuro,Hanaregoma,Okinawa,19.08.2004,2023.03,NA,175 cm 128 kg,Bg,Jk15,3-4/7,NA,NA,NA,Jk15w,3,4,NA,NA,NA,NA,NA,NA,NA,NA,NA,NA,NA,NA,NA,NA,NA,NA,NA,NA,NA,NA,NA
Sachinoyama,Takadagawa,Okayama,24.04.2007,2023.03,NA,168 cm 78 kg,Bg,Jk16,3-4/7,NA,NA,NA,Jk16e,3,4,NA,NA,NA,NA,NA,NA,NA,NA,NA,NA,NA,NA,NA,NA,NA,NA,NA,NA,NA,NA,NA
Sogo,Ajigawa,Kagawa,26.07.2006,2023.03,NA,181 cm 78 kg,Bg,Jk16,0-0/0,NA,NA,NA,Jk16w,0,0,NA,NA,NA,NA,NA,NA,NA,NA,NA,NA,NA,NA,NA,NA,NA,NA,NA,NA,NA,NA,NA
Takeuchi,Michinoku,Kagawa,20.08.2007,2023.03,NA,171 cm 85 kg,Bg,Jk17,2-5/7,NA,NA,NA,Jk17e,2,5,NA,NA,NA,NA,NA,NA,NA,NA,NA,NA,NA,NA,NA,NA,NA,NA,NA,NA,NA,NA,NA
Chiyorozan,Kokonoe,Oita,13.05.2004,2023.03,NA,176 cm 107 kg,Bg,Jk17,0-0-7/0,NA,NA,NA,Jk17w,0,0,NA,NA,NA,NA,NA,NA,NA,NA,NA,NA,NA,NA,NA,NA,NA,NA,NA,NA,NA,NA,NA
Hoshi,Asahiyama,Saitama,03.11.2004,2023.03,NA,178 cm 125 kg,Bg,Jk18,4-3/7,NA,NA,NA,Jk18e,4,3,NA,NA,NA,NA,NA,NA,NA,NA,NA,NA,NA,NA,NA,NA,NA,NA,NA,NA,NA,NA,NA
Asasakurai,Takasago,Miyagi,28.11.2007,2023.03,NA,173 cm 131 kg,Bg,Jk18,1-6/7,NA,NA,NA,Jk18w,1,6,NA,NA,NA,NA,NA,NA,NA,NA,NA,NA,NA,NA,NA,NA,NA,NA,NA,NA,NA,NA,NA
Kazeyuki,Oshiogawa,Ehime,27.10.2004,2023.03,NA,167 cm 129 kg,Bg,Jk19,4-3/7,NA,NA,NA,Jk19e,4,3,NA,NA,NA,NA,NA,NA,NA,NA,NA,NA,NA,NA,NA,NA,NA,NA,NA,NA,NA,NA,NA
Fujihara,Tokitsukaze,Tokyo,28.11.2007,2023.03,NA,183 cm 151 kg,Bg,Jk19,2-5/7,NA,NA,NA,Jk19w,2,5,NA,NA,NA,NA,NA,NA,NA,NA,NA,NA,NA,NA,NA,NA,NA,NA,NA,NA,NA,NA,NA
Satokaneko,Nishiiwa,Kochi,06.02.2008,2023.03,NA,168 cm 65 kg,Bg,Jk20,2-5/7,NA,NA,NA,Jk20e,2,5,NA,NA,NA,NA,NA,NA,NA,NA,NA,NA,NA,NA,NA,NA,NA,NA,NA,NA,NA,NA,NA
Ryuji,Onomatsu,Kanagawa,26.11.2004,2023.03,NA,186 cm 109 kg,Bg,Jk20,5-2/7,NA,NA,NA,Jk20w,5,2,NA,NA,NA,NA,NA,NA,NA,NA,NA,NA,NA,NA,NA,NA,NA,NA,NA,NA,NA,NA,NA
Kotomunakata,Sadogatake,Saitama,27.11.2007,2023.03,NA,178 cm 142 kg,Bg,Jk21,4-3/7,NA,NA,NA,Jk21e,4,3,NA,NA,NA,NA,NA,NA,NA,NA,NA,NA,NA,NA,NA,NA,NA,NA,NA,NA,NA,NA,NA
Akenonami,Tatsunami,Nagasaki,13.04.2004,2023.03,NA,174 cm 122 kg,Bg,Jk21,3-4/7,NA,NA,NA,Jk21w,3,4,NA,NA,NA,NA,NA,NA,NA,NA,NA,NA,NA,NA,NA,NA,NA,NA,NA,NA,NA,NA,NA
Itoga,Sakaigawa,Saitama,02.07.2007,2023.03,NA,174 cm 115 kg,Bg,Jk22,3-4/7,NA,NA,NA,Jk22e,3,4,NA,NA,NA,NA,NA,NA,NA,NA,NA,NA,NA,NA,NA,NA,NA,NA,NA,NA,NA,NA,NA
Haruyama,Onoe,Kagoshima,03.06.2000,2023.03,Nihon University,181 cm 141 kg,Bg,Jk22,7-0/7,NA,NA,NA,Jk22w,7,0,NA,NA,NA,NA,NA,NA,NA,NA,NA,NA,NA,NA,NA,NA,NA,NA,NA,NA,NA,NA,NA
Shiroma,Onoe,Okinawa,16.05.2000,2023.03,Nihon University,180 cm 175 kg,Bg,Jk23,0-0-7/0,NA,NA,NA,Jk23e,0,0,NA,NA,NA,NA,NA,NA,NA,NA,NA,NA,NA,NA,NA,NA,NA,NA,NA,NA,NA,NA,NA
Rank,New Shikona,Old Shikona,NA,NA,NA,NA,NA,NA,NA,NA,NA,NA,NA,NA,NA,NA,NA,NA,NA,NA,NA,NA,NA,NA,NA,NA,NA,NA,NA,NA,NA,NA,NA,NA,NA,NA
Ms58e,Daishoryu (Moji),Moji,NA,NA,NA,NA,NA,NA,NA,NA,NA,NA,NA,NA,NA,NA,NA,NA,NA,NA,NA,NA,NA,NA,NA,NA,NA,NA,NA,NA,NA,NA,NA,NA,NA,NA
Sd76w,Kassho,Tanimoto,NA,NA,NA,NA,NA,NA,NA,NA,NA,NA,NA,NA,NA,NA,NA,NA,NA,NA,NA,NA,NA,NA,NA,NA,NA,NA,NA,NA,NA,NA,NA,NA,NA,NA
Jd34e,Gohakuun,Okano,NA,NA,NA,NA,NA,NA,NA,NA,NA,NA,NA,NA,NA,NA,NA,NA,NA,NA,NA,NA,NA,NA,NA,NA,NA,NA,NA,NA,NA,NA,NA,NA,NA,NA
Jd44e,Harimao (Akisada),Akisada,NA,NA,NA,NA,NA,NA,NA,NA,NA,NA,NA,NA,NA,NA,NA,NA,NA,NA,NA,NA,NA,NA,NA,NA,NA,NA,NA,NA,NA,NA,NA,NA,NA,NA
Jd55e,Shinseido,Masutani,NA,NA,NA,NA,NA,NA,NA,NA,NA,NA,NA,NA,NA,NA,NA,NA,NA,NA,NA,NA,NA,NA,NA,NA,NA,NA,NA,NA,NA,NA,NA,NA,NA,NA
Jd68w,Gonowaka,Negishi,NA,NA,NA,NA,NA,NA,NA,NA,NA,NA,NA,NA,NA,NA,NA,NA,NA,NA,NA,NA,NA,NA,NA,NA,NA,NA,NA,NA,NA,NA,NA,NA,NA,NA
Jd99w,Anzakura,Sakuraba,NA,NA,NA,NA,NA,NA,NA,NA,NA,NA,NA,NA,NA,NA,NA,NA,NA,NA,NA,NA,NA,NA,NA,NA,NA,NA,NA,NA,NA,NA,NA,NA,NA,NA
Jk15e,Agora,Iima,NA,NA,NA,NA,NA,NA,NA,NA,NA,NA,NA,NA,NA,NA,NA,NA,NA,NA,NA,NA,NA,NA,NA,NA,NA,NA,NA,NA,NA,NA,NA,NA,NA,NA
Shikona,Heya,Shusshin,Birth Date,NA,NA,NA,NA,NA,NA,NA,NA,NA,NA,NA,NA,NA,NA,NA,NA,NA,NA,NA,NA,NA,NA,NA,NA,NA,NA,NA,NA,NA,NA,NA,NA,NA
Daishoheki,Oitekaze,Kagawa,"July 19, 2004",NA,NA,NA,NA,NA,NA,NA,NA,NA,NA,NA,NA,NA,NA,NA,NA,NA,NA,NA,NA,NA,NA,NA,NA,NA,NA,NA,NA,NA,NA,NA,NA,NA
Daibasho,Oitekaze,Gifu,"March 21, 2008",NA,NA,NA,NA,NA,NA,NA,NA,NA,NA,NA,NA,NA,NA,NA,NA,NA,NA,NA,NA,NA,NA,NA,NA,NA,NA,NA,NA,NA,NA,NA,NA,NA
Yumenofuji,Isegahama,Ehime,"February 2, 2008",NA,NA,NA,NA,NA,NA,NA,NA,NA,NA,NA,NA,NA,NA,NA,NA,NA,NA,NA,NA,NA,NA,NA,NA,NA,NA,NA,NA,NA,NA,NA,NA,NA
Makotofuji,Isegahama,Ehime,"May 24, 2007",NA,NA,NA,NA,NA,NA,NA,NA,NA,NA,NA,NA,NA,NA,NA,NA,NA,NA,NA,NA,NA,NA,NA,NA,NA,NA,NA,NA,NA,NA,NA,NA,NA
Masarufuji,Isegahama,Ibaraki,"November 6, 2007",NA,NA,NA,NA,NA,NA,NA,NA,NA,NA,NA,NA,NA,NA,NA,NA,NA,NA,NA,NA,NA,NA,NA,NA,NA,NA,NA,NA,NA,NA,NA,NA,NA
Miyatani,Musashigawa,Shizuoka,"May 8, 2007",NA,NA,NA,NA,NA,NA,NA,NA,NA,NA,NA,NA,NA,NA,NA,NA,NA,NA,NA,NA,NA,NA,NA,NA,NA,NA,NA,NA,NA,NA,NA,NA,NA
Soseizan,Nishonoseki,Tokyo,"July 3, 2004",NA,NA,NA,NA,NA,NA,NA,NA,NA,NA,NA,NA,NA,NA,NA,NA,NA,NA,NA,NA,NA,NA,NA,NA,NA,NA,NA,NA,NA,NA,NA,NA,NA
Datenoumi,Isenoumi,Miyagi,"January 12, 2005",NA,NA,NA,NA,NA,NA,NA,NA,NA,NA,NA,NA,NA,NA,NA,NA,NA,NA,NA,NA,NA,NA,NA,NA,NA,NA,NA,NA,NA,NA,NA,NA,NA
Datenomori,Isenoumi,Miyagi,"January 12, 2005",NA,NA,NA,NA,NA,NA,NA,NA,NA,NA,NA,NA,NA,NA,NA,NA,NA,NA,NA,NA,NA,NA,NA,NA,NA,NA,NA,NA,NA,NA,NA,NA,NA
Fujiso,Nishonoseki,Kochi,"October 14, 2004",NA,NA,NA,NA,NA,NA,NA,NA,NA,NA,NA,NA,NA,NA,NA,NA,NA,NA,NA,NA,NA,NA,NA,NA,NA,NA,NA,NA,NA,NA,NA,NA,NA
Kuwae,Futagoyama,Kanagawa,"September 20, 2004",NA,NA,NA,NA,NA,NA,NA,NA,NA,NA,NA,NA,NA,NA,NA,NA,NA,NA,NA,NA,NA,NA,NA,NA,NA,NA,NA,NA,NA,NA,NA,NA,NA
Kiyonoyama,Dewanoumi,Fukushima,"December 24, 2007",NA,NA,NA,NA,NA,NA,NA,NA,NA,NA,NA,NA,NA,NA,NA,NA,NA,NA,NA,NA,NA,NA,NA,NA,NA,NA,NA,NA,NA,NA,NA,NA,NA
Higonomaru,Kise,Kumamoto,"December 19, 2004",NA,NA,NA,NA,NA,NA,NA,NA,NA,NA,NA,NA,NA,NA,NA,NA,NA,NA,NA,NA,NA,NA,NA,NA,NA,NA,NA,NA,NA,NA,NA,NA,NA
Keiga,Futagoyama,Tochigi,"September 2, 2007",NA,NA,NA,NA,NA,NA,NA,NA,NA,NA,NA,NA,NA,NA,NA,NA,NA,NA,NA,NA,NA,NA,NA,NA,NA,NA,NA,NA,NA,NA,NA,NA,NA
Katsunishiki,Nishikido,Shizuoka,"August 16, 2007",NA,NA,NA,NA,NA,NA,NA,NA,NA,NA,NA,NA,NA,NA,NA,NA,NA,NA,NA,NA,NA,NA,NA,NA,NA,NA,NA,NA,NA,NA,NA,NA,NA
Saito,Tamanoi,Hyogo,"August 29, 2007",NA,NA,NA,NA,NA,NA,NA,NA,NA,NA,NA,NA,NA,NA,NA,NA,NA,NA,NA,NA,NA,NA,NA,NA,NA,NA,NA,NA,NA,NA,NA,NA,NA
Soma,Futagoyama,Tochigi,"September 3, 2004",NA,NA,NA,NA,NA,NA,NA,NA,NA,NA,NA,NA,NA,NA,NA,NA,NA,NA,NA,NA,NA,NA,NA,NA,NA,NA,NA,NA,NA,NA,NA,NA,NA
Shimabukuro,Hanaregoma,Okinawa,"August 19, 2004",NA,NA,NA,NA,NA,NA,NA,NA,NA,NA,NA,NA,NA,NA,NA,NA,NA,NA,NA,NA,NA,NA,NA,NA,NA,NA,NA,NA,NA,NA,NA,NA,NA
Sachinoyama,Takadagawa,Okayama,"April 24, 2007",NA,NA,NA,NA,NA,NA,NA,NA,NA,NA,NA,NA,NA,NA,NA,NA,NA,NA,NA,NA,NA,NA,NA,NA,NA,NA,NA,NA,NA,NA,NA,NA,NA
Sogo,Ajigawa,Kagawa,"July 26, 2006",NA,NA,NA,NA,NA,NA,NA,NA,NA,NA,NA,NA,NA,NA,NA,NA,NA,NA,NA,NA,NA,NA,NA,NA,NA,NA,NA,NA,NA,NA,NA,NA,NA
Takeuchi,Michinoku,Kagawa,"August 20, 2007",NA,NA,NA,NA,NA,NA,NA,NA,NA,NA,NA,NA,NA,NA,NA,NA,NA,NA,NA,NA,NA,NA,NA,NA,NA,NA,NA,NA,NA,NA,NA,NA,NA
Chiyorozan,Kokonoe,Oita,"May 13, 2004",NA,NA,NA,NA,NA,NA,NA,NA,NA,NA,NA,NA,NA,NA,NA,NA,NA,NA,NA,NA,NA,NA,NA,NA,NA,NA,NA,NA,NA,NA,NA,NA,NA
Hoshi,Asahiyama,Saitama,"November 3, 2004",NA,NA,NA,NA,NA,NA,NA,NA,NA,NA,NA,NA,NA,NA,NA,NA,NA,NA,NA,NA,NA,NA,NA,NA,NA,NA,NA,NA,NA,NA,NA,NA,NA
Asasakurai,Takasago,Miyagi,"November 28, 2007",NA,NA,NA,NA,NA,NA,NA,NA,NA,NA,NA,NA,NA,NA,NA,NA,NA,NA,NA,NA,NA,NA,NA,NA,NA,NA,NA,NA,NA,NA,NA,NA,NA
Kazeyuki,Oshiogawa,Ehime,"October 27, 2004",NA,NA,NA,NA,NA,NA,NA,NA,NA,NA,NA,NA,NA,NA,NA,NA,NA,NA,NA,NA,NA,NA,NA,NA,NA,NA,NA,NA,NA,NA,NA,NA,NA
Fujihara,Tokitsukaze,Tokyo,"November 28, 2007",NA,NA,NA,NA,NA,NA,NA,NA,NA,NA,NA,NA,NA,NA,NA,NA,NA,NA,NA,NA,NA,NA,NA,NA,NA,NA,NA,NA,NA,NA,NA,NA,NA
Satokaneko,Nishiiwa,Kochi,"February 6, 2008",NA,NA,NA,NA,NA,NA,NA,NA,NA,NA,NA,NA,NA,NA,NA,NA,NA,NA,NA,NA,NA,NA,NA,NA,NA,NA,NA,NA,NA,NA,NA,NA,NA
Ryuji,Onomatsu,Kanagawa,"November 26, 2004",NA,NA,NA,NA,NA,NA,NA,NA,NA,NA,NA,NA,NA,NA,NA,NA,NA,NA,NA,NA,NA,NA,NA,NA,NA,NA,NA,NA,NA,NA,NA,NA,NA
Kotomunakata,Sadogatake,Saitama,"November 27, 2007",NA,NA,NA,NA,NA,NA,NA,NA,NA,NA,NA,NA,NA,NA,NA,NA,NA,NA,NA,NA,NA,NA,NA,NA,NA,NA,NA,NA,NA,NA,NA,NA,NA
Akenonami,Tatsunami,Nagasaki,"April 13, 2004",NA,NA,NA,NA,NA,NA,NA,NA,NA,NA,NA,NA,NA,NA,NA,NA,NA,NA,NA,NA,NA,NA,NA,NA,NA,NA,NA,NA,NA,NA,NA,NA,NA
Itoga,Sakaigawa,Saitama,"July 2, 2007",NA,NA,NA,NA,NA,NA,NA,NA,NA,NA,NA,NA,NA,NA,NA,NA,NA,NA,NA,NA,NA,NA,NA,NA,NA,NA,NA,NA,NA,NA,NA,NA,NA
Haruyama,Onoe,Kagoshima,"June 3, 2000",NA,NA,NA,NA,NA,NA,NA,NA,NA,NA,NA,NA,NA,NA,NA,NA,NA,NA,NA,NA,NA,NA,NA,NA,NA,NA,NA,NA,NA,NA,NA,NA,NA
Shiroma,Onoe,Okinawa,"May 16, 2000",NA,NA,NA,NA,NA,NA,NA,NA,NA,NA,NA,NA,NA,NA,NA,NA,NA,NA,NA,NA,NA,NA,NA,NA,NA,NA,NA,NA,NA,NA,NA,NA,NA
Rank,Shikona,Heya,Shusshin,Birth Date,Highest Rank,NA,NA,NA,NA,NA,NA,NA,NA,NA,NA,NA,NA,NA,NA,NA,NA,NA,NA,NA,NA,NA,NA,NA,NA,NA,NA,NA,NA,NA,NA,NA
Sd72w,Tokitora (Shimoyama),Tokitsukaze,Miyagi,"February 20, 2002",Ms45,NA,NA,NA,NA,NA,NA,NA,NA,NA,NA,NA,NA,NA,NA,NA,NA,NA,NA,NA,NA,NA,NA,NA,NA,NA,NA,NA,NA,NA,NA,NA
Sd73w,Tokinosato,Nishiiwa,Osaka,"December 14, 2002",Sd55,NA,NA,NA,NA,NA,NA,NA,NA,NA,NA,NA,NA,NA,NA,NA,NA,NA,NA,NA,NA,NA,NA,NA,NA,NA,NA,NA,NA,NA,NA,NA
Jd62w,Denzan (Migikataagari),Otake,Yamaguchi,"June 8, 1988",Ms29,NA,NA,NA,NA,NA,NA,NA,NA,NA,NA,NA,NA,NA,NA,NA,NA,NA,NA,NA,NA,NA,NA,NA,NA,NA,NA,NA,NA,NA,NA,NA
Jd73w,Hokutoyakumo,Hakkaku,Hokkaido,"January 13, 2004",Sd85,NA,NA,NA,NA,NA,NA,NA,NA,NA,NA,NA,NA,NA,NA,NA,NA,NA,NA,NA,NA,NA,NA,NA,NA,NA,NA,NA,NA,NA,NA,NA
Bg,Hokutoshio,Hakkaku,Aomori,"June 22, 2000",Jd11,NA,NA,NA,NA,NA,NA,NA,NA,NA,NA,NA,NA,NA,NA,NA,NA,NA,NA,NA,NA,NA,NA,NA,NA,NA,NA,NA,NA,NA,NA,NA
Bg,Chikunokura,Musashigawa,Fukuoka,"June 21, 2002",Sd96,NA,NA,NA,NA,NA,NA,NA,NA,NA,NA,NA,NA,NA,NA,NA,NA,NA,NA,NA,NA,NA,NA,NA,NA,NA,NA,NA,NA,NA,NA,NA
Bg,Kagamio,Isenoumi,Mongolia,"February 9, 1988",M9,NA,NA,NA,NA,NA,NA,NA,NA,NA,NA,NA,NA,NA,NA,NA,NA,NA,NA,NA,NA,NA,NA,NA,NA,NA,NA,NA,NA,NA,NA,NA
Bg,Ounabara,Shikoroyama,Hiroshima,"January 19, 1986",Sd22,NA,NA,NA,NA,NA,NA,NA,NA,NA,NA,NA,NA,NA,NA,NA,NA,NA,NA,NA,NA,NA,NA,NA,NA,NA,NA,NA,NA,NA,NA,NA
NA,New career high rank,NA,NA,NA,NA,NA,NA,NA,NA,NA,NA,NA,NA,NA,NA,NA,NA,NA,NA,NA,NA,NA,NA,NA,NA,NA,NA,NA,NA,NA,NA,NA,NA,NA,NA,NA
NA,Division debut,NA,NA,NA,NA,NA,NA,NA,NA,NA,NA,NA,NA,NA,NA,NA,NA,NA,NA,NA,NA,NA,NA,NA,NA,NA,NA,NA,NA,NA,NA,NA,NA,NA,NA,NA
NA,Intai,NA,NA,NA,NA,NA,NA,NA,NA,NA,NA,NA,NA,NA,NA,NA,NA,NA,NA,NA,NA,NA,NA,NA,NA,NA,NA,NA,NA,NA,NA,NA,NA,NA,NA,NA
Y,Yusho,NA,NA,NA,NA,NA,NA,NA,NA,NA,NA,NA,NA,NA,NA,NA,NA,NA,NA,NA,NA,NA,NA,NA,NA,NA,NA,NA,NA,NA,NA,NA,NA,NA,NA,NA
D,Yusho-doten (jun-yusho with playoff loss),NA,NA,NA,NA,NA,NA,NA,NA,NA,NA,NA,NA,NA,NA,NA,NA,NA,NA,NA,NA,NA,NA,NA,NA,NA,NA,NA,NA,NA,NA,NA,NA,NA,NA,NA
J,Jun-yusho (fewer wins than yusho),NA,NA,NA,NA,NA,NA,NA,NA,NA,NA,NA,NA,NA,NA,NA,NA,NA,NA,NA,NA,NA,NA,NA,NA,NA,NA,NA,NA,NA,NA,NA,NA,NA,NA,NA
G,Gino-sho,NA,NA,NA,NA,NA,NA,NA,NA,NA,NA,NA,NA,NA,NA,NA,NA,NA,NA,NA,NA,NA,NA,NA,NA,NA,NA,NA,NA,NA,NA,NA,NA,NA,NA,NA
S,Shukun-sho,NA,NA,NA,NA,NA,NA,NA,NA,NA,NA,NA,NA,NA,NA,NA,NA,NA,NA,NA,NA,NA,NA,NA,NA,NA,NA,NA,NA,NA,NA,NA,NA,NA,NA,NA
K,Kanto-sho,NA,NA,NA,NA,NA,NA,NA,NA,NA,NA,NA,NA,NA,NA,NA,NA,NA,NA,NA,NA,NA,NA,NA,NA,NA,NA,NA,NA,NA,NA,NA,NA,NA,NA,NA
